OrderID,OrderDate,ShippingDate,CourierName,ProductID
YMX-2429054334,7/26/2019,7/4/2019,UPS,19345-8367
YWN-0076779282,5/18/2019,6/22/2019,FEDEX,45115-3994
DPF-8160647771,4/20/2020,4/1/2020,DHL,16116-3916
VJU-3263911013,1/15/2020,9/5/2019,UPS,71612-0784
NUK-7693324306,3/11/2020,5/5/2019,DHL,25137-4224
NSW-8403660741,2/21/2020,3/30/2020,USPS,46857-3175
DOG-6998860794,8/19/2019,1/5/2020,DHL,00407-8024
MAM-5336420724,12/12/2019,6/10/2019,FEDEX,82836-9520
IKZ-6962746152,12/17/2019,1/19/2020,DHL,30916-6147
KIS-6238563525,8/6/2019,4/24/2020,USPS,35498-4107
FLM-3562579911,1/11/2020,5/10/2019,FEDEX,84244-0680
GPW-7736561606,3/20/2020,10/26/2019,FEDEX,54462-6598
PKV-2705588383,8/9/2019,12/21/2019,UPS,87909-3875
ITC-4086406379,4/6/2020,5/11/2019,FEDEX,69155-3870
ELR-5682643248,7/5/2019,9/3/2019,USPS,86681-3802
FEW-3235287611,8/31/2019,5/9/2019,USPS,08419-2343
SCN-2210017305,10/30/2019,7/21/2019,FEDEX,88470-1488
EPD-3544098330,9/1/2019,8/15/2019,USPS,71630-2653
LXB-9865579270,1/12/2020,8/4/2019,USPS,83552-2247
ZZP-6547149845,6/26/2019,10/14/2019,USPS,47498-6490
RLL-6307921390,1/6/2020,6/2/2019,USPS,72353-9164
AFV-7716457480,5/20/2019,10/15/2019,FEDEX,62011-4557
YQW-6713838210,8/15/2019,5/27/2019,DHL,00854-1633
PFG-1209108462,12/8/2019,11/14/2019,DHL,87016-4332
MDS-8389604807,5/14/2019,5/1/2019,FEDEX,27378-1590
CBK-7255753469,4/10/2020,10/3/2019,FEDEX,12941-1829
CVM-0145651508,3/13/2020,6/27/2019,UPS,46574-1230
NDM-2165104353,1/23/2020,4/13/2020,UPS,60925-7418
IGA-0948013779,6/5/2019,9/13/2019,FEDEX,99391-7602
KSA-9457122949,5/16/2019,12/10/2019,USPS,39781-3977
ORI-7386325188,1/4/2020,5/1/2019,USPS,46138-8227
QDY-5848332838,5/13/2019,7/2/2019,USPS,63063-0414
GTD-7900192499,2/16/2020,3/11/2020,UPS,70853-2608
KJC-6636323362,3/25/2020,2/9/2020,FEDEX,10344-9429
ROX-5440331306,11/6/2019,10/11/2019,USPS,07862-9405
YRD-3694415809,1/17/2020,11/22/2019,USPS,46155-5688
TKQ-7203387075,6/3/2019,12/19/2019,UPS,80159-0482
WWE-3885221186,3/22/2020,3/10/2020,DHL,99722-2312
HTD-1120997943,7/11/2019,4/8/2020,USPS,32991-7689
WKP-6335567174,12/26/2019,1/4/2020,UPS,32228-1337
MXU-4264547825,6/10/2019,8/24/2019,DHL,35854-9850
MMC-1760116916,1/13/2020,5/5/2019,UPS,37888-6422
ADI-8226958785,11/19/2019,9/3/2019,UPS,25561-9293
QHS-4072058370,12/25/2019,12/5/2019,FEDEX,35522-9514
IUD-0095838658,1/14/2020,12/6/2019,FEDEX,10927-6785
ZFH-5193127437,5/9/2019,9/30/2019,USPS,65136-5542
HFC-9823930709,8/15/2019,5/17/2019,USPS,35635-1205
BOB-9750740644,8/30/2019,2/18/2020,USPS,71396-8926
QOQ-3918034216,10/16/2019,1/2/2020,USPS,61837-3784
LKT-8057142277,7/11/2019,5/24/2019,UPS,52564-7324
ZCP-6487191304,7/15/2019,4/7/2020,USPS,50325-7015
XGR-2873164908,8/4/2019,7/28/2019,UPS,38914-8327
SXB-4755579356,2/8/2020,3/19/2020,UPS,75595-9270
ZWO-3387753730,4/28/2019,6/14/2019,UPS,73534-8116
YKP-1946949564,5/22/2019,8/3/2019,UPS,05751-2487
GFN-0974557333,4/9/2020,11/15/2019,FEDEX,06599-0007
OEQ-3979763590,3/6/2020,8/8/2019,FEDEX,38857-3595
KXN-9939204708,8/9/2019,3/28/2020,USPS,56505-9720
UDM-8610661812,3/13/2020,4/2/2020,DHL,15980-5020
AYM-5675808215,6/8/2019,11/13/2019,USPS,35105-7731
RYI-0120971111,11/16/2019,3/23/2020,USPS,24987-5444
HBS-7457669560,9/24/2019,7/7/2019,USPS,05576-4503
REU-0843401666,6/11/2019,1/27/2020,USPS,69892-6168
VXI-8336960454,1/8/2020,6/2/2019,DHL,54755-9883
XXU-8241073383,11/18/2019,7/25/2019,UPS,75804-9239
FKV-0796130821,11/18/2019,5/21/2019,DHL,26527-5408
KRM-5875494017,7/31/2019,3/15/2020,FEDEX,04725-5642
YNR-6762933480,8/28/2019,8/20/2019,FEDEX,46085-4977
AEI-5740763597,12/9/2019,3/28/2020,USPS,97532-0113
GCD-2826958470,5/5/2019,11/29/2019,USPS,68142-4913
YMQ-4904445725,11/16/2019,4/18/2020,FEDEX,33957-7566
YIX-8301791984,9/14/2019,9/27/2019,UPS,50752-8714
KGO-8137605234,3/10/2020,9/23/2019,DHL,85867-1342
PJL-2474487751,1/21/2020,10/9/2019,USPS,31790-3866
XZS-8998917214,1/16/2020,2/13/2020,FEDEX,51194-2494
TYO-3216984877,6/19/2019,2/10/2020,UPS,73094-1302
LNS-3374030185,6/16/2019,12/20/2019,FEDEX,44568-5205
QTM-9827585085,9/24/2019,9/7/2019,FEDEX,37774-9548
LWB-9184702486,5/4/2019,1/31/2020,USPS,17355-5557
ERY-5614224901,10/6/2019,11/4/2019,DHL,35170-3306
OIR-7296004132,4/6/2020,4/10/2020,FEDEX,98777-4981
WDG-5909956345,7/16/2019,3/30/2020,UPS,32622-5983
NSY-9067720061,7/12/2019,12/12/2019,UPS,45178-6694
SNK-6508964674,2/13/2020,6/2/2019,FEDEX,85441-2154
HEP-8410666063,12/9/2019,7/9/2019,FEDEX,66855-0341
YXP-7734772643,5/27/2019,6/13/2019,FEDEX,56941-1075
AFJ-6956005693,3/1/2020,12/14/2019,FEDEX,09978-4367
BDX-6687554374,8/17/2019,7/29/2019,FEDEX,25253-5094
QRU-5670433151,2/18/2020,9/8/2019,UPS,30879-1433
PGY-0242653529,5/1/2019,1/22/2020,DHL,36154-4823
IGZ-7945098917,4/19/2020,7/12/2019,FEDEX,99211-6321
EFG-7293266545,10/31/2019,6/25/2019,UPS,64961-8140
MZZ-4759187761,12/15/2019,4/18/2020,UPS,87079-9971
BSO-0703050972,4/11/2020,5/16/2019,FEDEX,38717-7125
BDN-7649905105,7/9/2019,11/8/2019,DHL,40019-6714
ZEW-2232630802,10/14/2019,11/19/2019,FEDEX,26102-7236
QLS-2964267628,10/27/2019,9/7/2019,USPS,18223-4147
SMC-3371645987,12/21/2019,8/1/2019,USPS,49104-3542
GEB-5418915673,11/9/2019,10/21/2019,DHL,21367-7081
PPD-5701956192,8/19/2019,10/13/2019,USPS,00011-4094
FWM-1170063251,12/29/2019,7/30/2019,USPS,44009-4611
FWZ-8998888074,7/14/2019,11/17/2019,FEDEX,50648-2559
AXO-2878970275,3/11/2020,2/8/2020,DHL,03809-7008
HSF-2906562912,3/15/2020,8/17/2019,UPS,63934-6226
COH-2146977786,8/1/2019,2/25/2020,DHL,43965-7438
HEW-5823941550,11/20/2019,6/6/2019,UPS,43901-3139
WTN-7057645467,8/23/2019,1/6/2020,DHL,92170-7095
UWY-3759590212,2/12/2020,7/5/2019,UPS,61373-5331
YTZ-3605668664,6/22/2019,12/24/2019,FEDEX,36540-7657
PTD-4034206195,2/24/2020,7/11/2019,DHL,53111-0356
FVL-7776380048,6/15/2019,9/29/2019,DHL,14761-8624
GZX-6343142941,6/14/2019,3/2/2020,FEDEX,31807-3147
GHI-2833975816,7/6/2019,2/18/2020,UPS,33778-7043
VVF-6424233895,5/16/2019,2/19/2020,UPS,28839-5038
LVQ-6804963967,8/31/2019,10/11/2019,UPS,29031-0697
UUK-7973723563,4/12/2020,5/9/2019,USPS,30319-8153
HDF-6444646311,8/16/2019,11/19/2019,UPS,02897-9621
UDC-1564383318,11/6/2019,1/30/2020,USPS,70339-2676
GBG-8717868414,11/28/2019,2/10/2020,UPS,87110-7859
BMB-4706472253,2/9/2020,10/9/2019,USPS,94373-4201
DMJ-2169993647,1/30/2020,6/17/2019,USPS,18262-0767
BGN-2885563709,8/12/2019,11/16/2019,UPS,62726-9856
AKK-5595340567,7/10/2019,6/23/2019,USPS,35121-3498
PYC-2998771821,8/10/2019,2/15/2020,USPS,18477-3248
KUO-5625903027,12/27/2019,4/29/2019,UPS,92951-3233
XFM-7949401077,8/15/2019,9/2/2019,DHL,91084-0924
TQO-2756708411,1/14/2020,5/23/2019,USPS,40351-3994
IBR-8118728971,2/20/2020,11/11/2019,FEDEX,90281-8376
JON-7736716362,6/19/2019,7/7/2019,FEDEX,82528-0179
IPF-9891961046,5/27/2019,4/6/2020,DHL,00418-7289
XBG-5538009213,11/16/2019,8/25/2019,USPS,90605-4856
AAI-9840296497,11/19/2019,10/25/2019,UPS,52789-9843
BYV-8278862143,8/7/2019,7/11/2019,USPS,38212-1523
DKW-7795208150,3/25/2020,6/16/2019,UPS,11047-6536
DGB-2888595720,6/28/2019,4/18/2020,DHL,85827-2366
ZYZ-3167409317,11/24/2019,11/24/2019,USPS,20291-3786
PXI-3299441778,10/21/2019,6/1/2019,USPS,30289-4876
UDX-0225715871,10/8/2019,10/11/2019,DHL,65182-2410
XRR-9469080300,10/3/2019,2/14/2020,UPS,50573-1781
UEH-1771766997,2/12/2020,9/20/2019,UPS,53726-1171
OLJ-2746094539,5/24/2019,4/28/2019,UPS,85015-0481
PXE-6193043278,7/22/2019,7/15/2019,USPS,60252-3985
ZNV-5307940162,3/8/2020,3/12/2020,FEDEX,36549-0869
JRM-4197164290,11/27/2019,8/9/2019,USPS,89301-9631
ZPB-5374655424,7/2/2019,1/8/2020,FEDEX,72964-2292
SWJ-0739095351,4/1/2020,7/30/2019,DHL,05851-0008
CXX-4035804311,7/9/2019,5/1/2019,FEDEX,39414-4282
QWO-1615980151,3/29/2020,11/4/2019,UPS,01006-9919
SXG-1764681143,11/1/2019,10/31/2019,USPS,50997-6336
KVF-5089155764,5/11/2019,10/16/2019,USPS,06292-0955
GTF-8399180920,4/6/2020,8/19/2019,FEDEX,90609-7601
VMV-0892345391,3/9/2020,5/15/2019,DHL,02210-8208
PUN-3594308344,1/24/2020,1/6/2020,UPS,16616-6370
KUM-3664047016,8/26/2019,11/12/2019,FEDEX,80962-1727
WEK-9478747470,6/15/2019,5/9/2019,DHL,11581-6293
BRZ-1942538961,2/18/2020,12/26/2019,DHL,55530-4979
BNP-2381729540,7/27/2019,1/5/2020,DHL,86981-1544
LFN-3178273373,4/15/2020,7/26/2019,USPS,41551-6785
AMN-9454244879,4/22/2020,1/4/2020,DHL,31498-3413
LMR-3233681612,7/27/2019,12/2/2019,DHL,87977-0138
FSW-8169036649,10/12/2019,2/24/2020,DHL,42901-9058
UAF-2734311256,4/25/2020,9/3/2019,DHL,80999-6591
DXQ-8222972319,8/1/2019,3/16/2020,FEDEX,89104-9637
XWR-5439014699,11/27/2019,10/16/2019,UPS,02242-0906
AUK-0114377292,6/26/2019,7/19/2019,FEDEX,05001-2791
END-8647298963,6/2/2019,11/15/2019,DHL,85361-4747
TDD-3443155223,8/7/2019,11/20/2019,USPS,64309-2882
LHL-4630070070,4/22/2020,9/8/2019,USPS,27695-1599
ZIF-3910879017,10/5/2019,1/20/2020,UPS,38173-1272
IHO-5876358606,11/22/2019,9/2/2019,DHL,16009-7151
EJU-3292590560,12/15/2019,3/5/2020,DHL,04932-2602
RRW-6162101388,12/2/2019,2/21/2020,FEDEX,32266-6201
AEF-8904387695,8/23/2019,4/7/2020,DHL,92206-8079
DQT-1610343410,2/4/2020,5/4/2019,DHL,43596-2774
DON-9649609335,3/25/2020,12/23/2019,FEDEX,25767-9852
USF-1286824061,11/16/2019,6/18/2019,UPS,22534-6799
YDN-6334687647,5/12/2019,8/30/2019,UPS,56155-5468
YVF-1460277749,4/11/2020,7/9/2019,UPS,61583-4280
TYH-4253182935,7/13/2019,6/26/2019,FEDEX,55166-2129
GUZ-1763208989,11/27/2019,5/20/2019,DHL,83712-1516
TEV-2209105419,7/10/2019,4/8/2020,UPS,05258-3816
XXG-4649683054,6/9/2019,6/6/2019,DHL,76610-8133
XRP-6551188462,3/23/2020,9/6/2019,USPS,68245-8718
UVL-9049968340,9/19/2019,1/16/2020,USPS,43737-1661
AMK-1568759848,11/5/2019,3/20/2020,USPS,34507-8881
MSY-4194054145,8/8/2019,6/22/2019,DHL,68705-5199
NPY-2977124234,7/29/2019,4/10/2020,USPS,86725-2869
CZE-1451609773,12/10/2019,4/22/2020,USPS,48090-1988
QYG-2436223356,10/9/2019,12/23/2019,UPS,20900-3513
ZYA-4140148758,2/24/2020,11/27/2019,FEDEX,79819-1168
BPA-2500237469,2/27/2020,10/3/2019,FEDEX,73007-4361
PUM-7277564166,2/4/2020,10/31/2019,USPS,05198-9154
WGN-5026354163,12/20/2019,6/16/2019,DHL,28304-4020
RYK-5110512457,4/25/2020,8/8/2019,USPS,81322-2685
WEM-6937276367,5/27/2019,8/10/2019,USPS,58192-7312
LIJ-8080026836,2/8/2020,6/5/2019,USPS,99007-6810
PXK-5278390065,1/14/2020,9/14/2019,FEDEX,53472-3513
QXE-9881034547,4/2/2020,1/3/2020,USPS,31900-6137
AVK-7368660717,1/12/2020,5/12/2019,UPS,61301-4480
LKG-8151238277,7/18/2019,2/11/2020,DHL,40349-5433
FED-7252817574,12/24/2019,1/2/2020,USPS,76650-0485
SJC-7268068954,1/28/2020,9/11/2019,USPS,92775-0578
YMT-6046153250,1/3/2020,2/20/2020,DHL,27348-6960
BLS-5190535098,12/21/2019,2/12/2020,DHL,10352-5289
RHJ-4529574117,1/28/2020,8/21/2019,FEDEX,75141-3798
ZCU-7715986349,5/20/2019,9/12/2019,DHL,02552-6921
JHJ-2845911390,8/9/2019,6/14/2019,UPS,73691-3863
LKE-6904721390,5/29/2019,2/27/2020,UPS,98938-4514
KLD-5080283837,2/15/2020,1/1/2020,USPS,58964-1414
HYW-3070581044,12/29/2019,5/9/2019,UPS,83127-9306
LBY-0445177251,10/30/2019,5/28/2019,DHL,75682-2098
ELD-4252994861,11/23/2019,10/23/2019,FEDEX,41446-9776
KDK-7867520222,2/13/2020,4/6/2020,UPS,20694-2270
SOU-7045317040,2/29/2020,10/15/2019,USPS,59719-8606
FAG-4082039704,1/25/2020,10/11/2019,UPS,83956-5890
YPY-7091397589,4/18/2020,5/19/2019,USPS,56947-2575
UFF-0607349687,7/11/2019,8/29/2019,DHL,34596-4142
DBG-9944162176,1/21/2020,12/1/2019,USPS,16824-0280
RBL-3499373119,5/1/2019,10/26/2019,USPS,27596-8392
REH-1123895101,2/1/2020,8/2/2019,DHL,84937-9375
EDX-7722911086,8/4/2019,9/12/2019,DHL,19791-0611
PNP-2893360680,11/30/2019,5/25/2019,USPS,23742-2842
EWK-0103878903,6/7/2019,12/17/2019,FEDEX,14247-8221
SGB-5610225462,8/25/2019,11/25/2019,DHL,68600-4221
ZXP-2585157266,2/4/2020,4/13/2020,DHL,97514-0945
GYQ-2180228018,4/19/2020,5/31/2019,DHL,42422-3484
TAW-0395250670,8/27/2019,4/28/2019,USPS,84706-1376
BDA-0055004544,8/17/2019,1/27/2020,FEDEX,06615-1445
EXV-6025268688,10/9/2019,2/9/2020,FEDEX,80580-0395
NCU-0430905816,1/22/2020,1/30/2020,DHL,65392-1732
MBI-1846433845,5/29/2019,3/29/2020,FEDEX,24523-3853
GNE-8387332066,6/22/2019,10/29/2019,FEDEX,30813-1249
JGV-1514447778,6/12/2019,7/11/2019,USPS,67045-7673
LQE-9805138029,7/17/2019,1/5/2020,FEDEX,02778-0809
FZL-7030126831,6/18/2019,9/23/2019,DHL,20731-3963
GYQ-3969759351,4/26/2019,3/10/2020,DHL,25775-1607
QKW-8893336396,12/1/2019,8/17/2019,UPS,95098-3823
QER-9885846229,11/20/2019,11/8/2019,USPS,63962-6208
ZME-7988387125,9/16/2019,4/16/2020,USPS,99357-8851
EYP-8653200019,2/18/2020,3/22/2020,USPS,62769-0145
LWR-0991558028,4/1/2020,6/3/2019,FEDEX,47524-3971
IEN-0941708310,8/31/2019,11/17/2019,USPS,49404-0648
MCN-5110306066,8/25/2019,9/14/2019,UPS,97850-0688
PYD-7270108862,4/11/2020,6/22/2019,FEDEX,87383-0640
ZWS-0757476054,11/4/2019,5/31/2019,DHL,62225-5731
POE-9367615276,2/3/2020,11/20/2019,DHL,38981-4843
UJQ-9250789484,12/12/2019,8/4/2019,UPS,01035-9153
QZC-9040196251,8/23/2019,7/20/2019,DHL,23346-8033
GUS-4280627071,12/5/2019,3/5/2020,USPS,26387-1580
CXT-1720867250,11/16/2019,9/12/2019,USPS,48315-5842
AOE-1091941082,6/24/2019,4/16/2020,UPS,11704-8303
OVT-5782220572,3/22/2020,4/27/2019,FEDEX,67881-9468
JCI-5998019533,6/25/2019,4/23/2020,USPS,73756-6025
OFK-1096638207,2/3/2020,10/14/2019,USPS,54762-4779
OBS-0521349321,12/20/2019,4/5/2020,FEDEX,40265-1974
MVB-5595264063,8/22/2019,1/19/2020,USPS,85155-3270
MEY-8117358001,10/1/2019,8/29/2019,DHL,25165-5285
FCJ-3539420618,12/20/2019,1/10/2020,USPS,90517-6475
YEN-1710163597,1/30/2020,2/10/2020,USPS,92194-2882
SJH-5224117942,12/31/2019,3/5/2020,DHL,99443-2684
TCN-6439159062,11/26/2019,12/21/2019,FEDEX,69859-3470
HJB-8972241657,4/21/2020,4/15/2020,FEDEX,29232-8676
MIU-3707694380,10/10/2019,11/2/2019,UPS,73927-5314
QPC-6548995445,11/3/2019,4/3/2020,USPS,82793-5537
HNP-5194702497,4/12/2020,7/3/2019,FEDEX,30107-3683
YPY-1697452499,8/27/2019,8/6/2019,UPS,70487-8609
BGG-4945166804,9/5/2019,5/7/2019,FEDEX,46696-5926
MDW-2848029333,9/4/2019,12/10/2019,UPS,61516-1532
YPA-0561765646,5/19/2019,1/20/2020,UPS,37333-9235
XMZ-5991096020,3/19/2020,1/8/2020,FEDEX,75009-1828
WZT-8019743128,10/24/2019,9/15/2019,UPS,47446-0896
HWE-6389231888,7/9/2019,4/12/2020,USPS,48372-9632
JQF-8745116461,11/26/2019,8/13/2019,USPS,65097-7414
AAI-2325952362,10/11/2019,4/27/2019,UPS,30327-4604
EQD-7328368196,9/11/2019,2/5/2020,DHL,68874-8048
BZK-1829277952,12/1/2019,8/3/2019,USPS,20420-6443
OJS-6631865098,12/6/2019,6/17/2019,UPS,39023-0676
FHH-4627961666,6/12/2019,10/2/2019,USPS,89693-3457
TET-7217433232,5/7/2019,7/2/2019,UPS,52691-4488
CKB-6561060737,10/23/2019,7/28/2019,UPS,37786-1279
URQ-0615318048,6/7/2019,4/18/2020,DHL,80355-8378
DSM-3749924543,3/24/2020,3/20/2020,FEDEX,31495-2237
UMJ-9607114674,10/2/2019,3/13/2020,USPS,48098-2771
TSE-9064199447,10/21/2019,12/31/2019,DHL,45291-9199
QEF-5892341402,4/15/2020,4/21/2020,DHL,87491-6076
VVZ-1667926523,4/26/2019,7/15/2019,USPS,29822-3423
CVC-8365999474,6/20/2019,9/10/2019,UPS,35347-7165
DQG-2870694515,9/20/2019,6/5/2019,USPS,04459-6771
TCN-7299363294,1/8/2020,5/18/2019,UPS,90455-6545
ZZW-2374032963,7/20/2019,7/20/2019,DHL,28213-3378
HUO-2321911214,10/17/2019,5/13/2019,UPS,01781-4964
ALZ-6607426751,1/9/2020,7/17/2019,UPS,65120-9966
DSP-0279473896,2/23/2020,10/16/2019,FEDEX,98201-8756
BZQ-6300389850,3/14/2020,12/6/2019,UPS,48357-3424
TNU-9035168884,4/5/2020,4/6/2020,DHL,50337-9967
CVH-8976621318,5/21/2019,12/22/2019,UPS,32586-0691
PWC-1838973473,5/1/2019,9/19/2019,FEDEX,51044-2716
AWT-7167691646,10/7/2019,9/16/2019,DHL,47198-9122
ZDI-6986780165,3/11/2020,11/11/2019,UPS,63654-1593
UKH-1669894915,10/5/2019,8/2/2019,FEDEX,74385-8790
MCL-5523068623,12/6/2019,10/5/2019,UPS,48242-1558
KDR-3895640871,9/6/2019,12/18/2019,FEDEX,79524-4609
RAV-3222245277,12/29/2019,5/21/2019,FEDEX,42854-5079
MJH-7707269335,4/8/2020,1/5/2020,USPS,11486-4617
FAZ-4823086973,10/3/2019,10/14/2019,FEDEX,59383-1275
FPE-9251190669,8/7/2019,10/7/2019,UPS,40958-3937
OZW-8837071244,7/6/2019,4/5/2020,FEDEX,70677-6054
QZW-9358029767,10/2/2019,5/13/2019,FEDEX,40315-6447
OMC-2004324526,2/28/2020,9/11/2019,UPS,73230-0982
HOE-2690616697,2/26/2020,8/31/2019,USPS,70599-6877
SND-4232782919,11/21/2019,2/27/2020,USPS,73333-5251
ZXV-7777257650,7/18/2019,1/15/2020,UPS,16659-5615
TDE-0693569232,2/11/2020,8/9/2019,UPS,13927-3691
TPF-9327471402,9/13/2019,3/11/2020,UPS,93920-4504
MNQ-2955134822,7/11/2019,5/2/2019,USPS,85167-1232
FSQ-2861284942,7/13/2019,11/13/2019,USPS,33336-2726
WBV-8053662998,4/14/2020,8/11/2019,UPS,25710-5055
GCR-3304278350,6/4/2019,8/30/2019,USPS,26674-8206
IJJ-6765073097,11/5/2019,3/18/2020,FEDEX,24247-5100
GNE-8907838524,2/28/2020,2/14/2020,UPS,85838-2844
TIT-0926860476,5/29/2019,1/8/2020,FEDEX,33551-2730
BGI-4983814154,12/26/2019,2/29/2020,USPS,56928-8189
USO-8147355684,3/27/2020,6/7/2019,UPS,28936-1920
BUW-3611342828,4/15/2020,10/31/2019,DHL,90420-9776
SDQ-6450420778,4/15/2020,5/31/2019,UPS,75850-9080
LMP-9156700049,11/8/2019,4/18/2020,UPS,59212-6215
CYT-8111452446,8/13/2019,1/10/2020,DHL,72338-7553
SZA-7770067370,3/13/2020,4/21/2020,DHL,59946-2361
QOR-1788195682,9/16/2019,11/26/2019,USPS,18800-5802
OCN-1438068626,10/30/2019,12/16/2019,USPS,18663-2380
WPC-6088851797,9/14/2019,2/14/2020,USPS,93870-2739
NBA-6959104900,3/5/2020,10/11/2019,DHL,46590-0930
MIX-7445549550,9/3/2019,8/28/2019,FEDEX,07495-9490
NVC-8711454631,6/16/2019,3/2/2020,DHL,54738-0485
KXB-7142083027,6/18/2019,6/22/2019,DHL,17264-4503
YLY-6894419348,12/12/2019,4/14/2020,FEDEX,51226-7029
MBQ-0510972622,1/3/2020,12/24/2019,USPS,89465-9449
EFM-4344121262,2/27/2020,9/17/2019,UPS,48219-9035
TDF-1850129870,1/31/2020,9/29/2019,DHL,62985-4713
FTP-9625232784,10/27/2019,9/29/2019,DHL,54810-7214
FOR-2601541873,3/5/2020,10/24/2019,USPS,75337-8468
MRN-1440610232,7/5/2019,5/29/2019,USPS,65120-4581
OQA-7980890967,8/16/2019,7/26/2019,UPS,28810-7552
EMD-1165134417,3/22/2020,10/29/2019,USPS,18712-4840
NKV-9846454092,2/24/2020,10/3/2019,FEDEX,55649-1230
NEW-0938060018,5/31/2019,10/16/2019,UPS,88612-7339
MDE-7490035545,7/6/2019,10/4/2019,FEDEX,71606-2522
DPO-9265765009,10/3/2019,3/3/2020,USPS,79772-0732
YGS-5413906662,7/25/2019,3/5/2020,DHL,93608-9073
XMU-4360839146,2/10/2020,4/29/2019,FEDEX,87276-5658
PCI-3484968419,11/16/2019,1/27/2020,UPS,26284-7676
HDG-1632197716,6/7/2019,5/24/2019,FEDEX,71400-4508
TBP-9057689869,10/8/2019,7/25/2019,USPS,41430-7179
ZKX-0416973291,12/3/2019,2/6/2020,USPS,71305-3741
XCJ-5234545592,9/30/2019,11/25/2019,FEDEX,57697-3689
DIZ-5214419894,12/29/2019,11/18/2019,FEDEX,58623-7161
QMG-5246704053,6/24/2019,6/20/2019,USPS,77984-5123
MPZ-0729989567,5/14/2019,1/30/2020,FEDEX,46660-8102
XPG-5210729138,8/27/2019,1/20/2020,UPS,43064-5513
PAS-3445979018,12/19/2019,7/16/2019,DHL,33601-9813
CPL-9927248137,9/4/2019,8/7/2019,USPS,77148-8080
RUI-9801075008,8/2/2019,2/29/2020,UPS,66240-5374
CHP-8240612627,8/29/2019,10/27/2019,FEDEX,82584-3657
YSI-5072828846,9/9/2019,5/27/2019,USPS,80134-4094
SLN-7021586687,2/20/2020,5/6/2019,FEDEX,19348-8499
FXL-8905130043,1/16/2020,10/19/2019,DHL,18559-0025
SRM-6911053698,7/25/2019,10/18/2019,DHL,57188-1931
NSS-3901742144,9/20/2019,6/22/2019,UPS,39385-9966
GNO-9378583747,12/10/2019,10/23/2019,FEDEX,89207-3418
QXJ-2930612834,5/21/2019,8/3/2019,DHL,68618-1259
XWL-3488048154,7/13/2019,11/29/2019,FEDEX,01610-4875
ORA-4926078993,4/23/2020,4/24/2020,DHL,01266-7492
JBP-7630632750,9/8/2019,11/16/2019,USPS,90806-0514
GUV-5731734743,12/17/2019,11/4/2019,FEDEX,36353-6153
QXB-2373491198,1/22/2020,11/6/2019,FEDEX,39514-6356
VKU-6616995536,4/30/2019,1/23/2020,UPS,53928-2456
AZH-1946855464,4/19/2020,11/18/2019,UPS,98748-3830
QBS-7308822507,9/7/2019,1/11/2020,FEDEX,51110-6153
DDH-2288182177,7/17/2019,2/15/2020,USPS,86838-2153
GEY-6332623556,9/15/2019,6/5/2019,FEDEX,14948-0010
XVB-0834229553,9/22/2019,7/30/2019,UPS,93350-8398
ZXS-8423041461,4/26/2019,5/7/2019,USPS,99827-2046
FEQ-5128548260,12/25/2019,12/9/2019,USPS,33562-5972
TJM-7334743908,12/30/2019,3/27/2020,DHL,53210-5096
VKK-8847701201,7/11/2019,11/16/2019,USPS,72354-9240
DYP-5097025292,11/15/2019,4/20/2020,UPS,34445-5703
XXI-8345664502,9/21/2019,1/9/2020,USPS,48015-6693
DWO-4601252869,8/2/2019,8/21/2019,FEDEX,40685-9875
KVJ-4651228549,10/31/2019,11/10/2019,USPS,46723-4746
VRX-7274864195,8/24/2019,5/16/2019,UPS,88477-1662
JIH-0661538439,5/13/2019,10/11/2019,DHL,92254-8981
WUH-9571721849,5/19/2019,2/18/2020,FEDEX,05778-9265
KHL-7442346622,10/5/2019,2/24/2020,USPS,10057-3113
KOK-3957084474,6/12/2019,4/19/2020,FEDEX,98336-3186
IZQ-2384557602,12/21/2019,3/22/2020,DHL,48111-1943
VLW-5465325490,11/29/2019,10/13/2019,DHL,17811-5452
IWQ-8075915790,11/16/2019,2/7/2020,FEDEX,86160-4101
ORS-4169505372,7/13/2019,11/14/2019,FEDEX,85909-2438
QQO-2650973364,9/30/2019,12/2/2019,UPS,85540-8033
BUX-7117701357,7/26/2019,9/7/2019,USPS,16279-9517
LTK-9187667805,3/7/2020,10/6/2019,UPS,18092-2473
TZO-6129162097,5/25/2019,7/20/2019,DHL,84276-0041
RGN-4241082594,5/25/2019,10/9/2019,DHL,65937-8399
PFZ-7801225564,6/18/2019,9/30/2019,DHL,98447-7369
TEM-4451676516,4/7/2020,3/3/2020,USPS,90935-2427
AAB-7771223385,5/10/2019,7/3/2019,UPS,91532-2222
UPS-6275749912,6/9/2019,6/21/2019,DHL,93396-0283
VHU-4779635841,8/5/2019,8/10/2019,UPS,32100-9435
BFY-3667554960,3/28/2020,2/17/2020,UPS,63697-8053
UTR-1116907138,6/4/2019,6/21/2019,USPS,82368-4894
GYP-2258903605,12/24/2019,10/18/2019,UPS,10557-5343
WDQ-0510891421,10/24/2019,2/17/2020,UPS,10106-3295
DMO-5571598702,10/30/2019,12/21/2019,FEDEX,78088-5891
VTX-7099602599,9/17/2019,10/13/2019,DHL,65638-4270
DQW-8911875280,7/11/2019,2/18/2020,USPS,39325-5087
FLZ-5888362581,6/12/2019,2/9/2020,FEDEX,23122-2170
DEZ-0764560878,2/29/2020,12/9/2019,USPS,18529-5151
WBD-8138315186,7/4/2019,9/10/2019,UPS,49179-9868
UYW-5967051159,1/16/2020,8/26/2019,FEDEX,87549-4749
HZP-3206415246,4/9/2020,11/1/2019,FEDEX,80536-5783
VOZ-1423501280,4/13/2020,7/22/2019,USPS,63189-3897
VUX-0891726926,9/18/2019,2/28/2020,FEDEX,89023-6379
SJD-8290225664,4/3/2020,12/6/2019,UPS,17069-2085
RBX-1428348783,7/16/2019,9/19/2019,USPS,34555-6967
SKP-2075980793,11/9/2019,2/21/2020,USPS,62032-7340
NYD-8022445556,3/29/2020,6/2/2019,USPS,65865-7375
APR-7955521024,12/25/2019,2/21/2020,UPS,71437-8375
PUB-4704362305,9/17/2019,12/6/2019,FEDEX,36454-8885
XWP-7519600915,6/24/2019,5/31/2019,FEDEX,00371-1708
XYC-0101301210,4/21/2020,7/15/2019,DHL,71453-5967
DCM-6804539009,8/26/2019,5/8/2019,FEDEX,25790-2134
NKD-2436090825,7/29/2019,5/27/2019,DHL,84686-6962
FJQ-4641923258,4/13/2020,11/8/2019,UPS,87346-5254
QEX-2069804343,11/27/2019,7/9/2019,USPS,04791-8062
QOH-8987288841,10/6/2019,11/20/2019,FEDEX,80183-2898
MCN-9482237713,5/13/2019,3/28/2020,DHL,77117-2905
SFM-4111638251,1/12/2020,8/23/2019,USPS,31696-7514
FQT-7054246361,7/22/2019,12/3/2019,FEDEX,38861-4848
TWV-2359600759,2/15/2020,10/18/2019,FEDEX,77935-9828
FOB-4077091470,9/1/2019,6/9/2019,UPS,32870-4898
NFO-4566881888,11/24/2019,4/7/2020,UPS,36566-7903
TAR-8666103914,2/14/2020,10/21/2019,DHL,39628-9302
VOM-4987550128,9/10/2019,6/16/2019,USPS,29224-9914
DFO-9224421566,6/12/2019,1/7/2020,USPS,61268-6604
TPM-3504930601,5/20/2019,12/23/2019,FEDEX,58785-8287
WWF-3969476565,5/10/2019,4/13/2020,USPS,52562-4699
DLZ-0989806212,2/29/2020,10/16/2019,UPS,55851-1697
CQR-2404315928,12/13/2019,1/10/2020,DHL,74230-2777
WPR-0621520600,5/16/2019,11/18/2019,USPS,95897-4994
RYE-9027457643,11/19/2019,5/19/2019,DHL,42230-0837
SMC-6477190777,1/15/2020,7/6/2019,FEDEX,77494-8812
HRU-2443262684,6/8/2019,6/6/2019,FEDEX,59522-4448
OGJ-9470318178,8/10/2019,9/25/2019,USPS,74167-5967
QYK-8661845731,1/29/2020,8/1/2019,USPS,40245-9572
YFA-6798831663,4/20/2020,7/19/2019,DHL,06584-5387
XSI-7990912420,7/17/2019,9/2/2019,USPS,14860-9135
VPW-1367422876,12/3/2019,7/16/2019,UPS,25545-8687
CJC-8488395438,2/11/2020,5/19/2019,UPS,86290-7301
WIO-5808415502,1/25/2020,12/14/2019,UPS,71540-5109
ATI-1989421926,2/10/2020,12/13/2019,FEDEX,77503-4643
CKP-2287417592,6/18/2019,4/30/2019,DHL,93651-9035
SBX-5413152962,5/29/2019,7/24/2019,FEDEX,63819-3621
RZB-6319052865,9/27/2019,8/31/2019,FEDEX,36331-6384
NBN-0259881856,5/26/2019,5/25/2019,FEDEX,33223-7875
GLA-9190591544,12/26/2019,3/13/2020,USPS,44404-2800
GEI-9289538907,4/23/2020,10/20/2019,UPS,11624-2750
LJK-3827683120,12/10/2019,12/3/2019,DHL,41375-2634
ZOO-1670642447,10/22/2019,11/29/2019,UPS,55828-9124
NZY-3246654912,12/11/2019,2/15/2020,USPS,04070-7102
XKE-9146438836,4/19/2020,7/25/2019,UPS,58486-5582
HWB-7580836168,2/4/2020,8/11/2019,DHL,71340-8434
CXK-7019432444,4/22/2020,10/23/2019,USPS,56163-1224
NAU-1629466468,10/3/2019,12/27/2019,UPS,02194-7438
AKB-9445931330,11/7/2019,6/1/2019,UPS,44363-5528
FFN-3221099459,5/24/2019,7/11/2019,USPS,65452-8259
UET-3219073108,3/12/2020,5/27/2019,UPS,71087-1766
GGE-0487929941,9/25/2019,8/7/2019,UPS,23487-0679
MRU-5311068490,8/5/2019,6/9/2019,USPS,05669-9616
TRB-8786649244,6/14/2019,1/23/2020,UPS,97291-7913
YJL-9573283924,12/28/2019,5/5/2019,FEDEX,31840-7193
HGV-7005529703,7/2/2019,2/15/2020,DHL,73684-8389
ZHN-0899596399,1/2/2020,8/17/2019,UPS,76241-1174
RZY-3008811520,7/20/2019,11/21/2019,UPS,63244-7021
UWK-3000995076,7/20/2019,1/28/2020,UPS,80526-7212
BQK-3462475055,2/28/2020,6/14/2019,UPS,98314-7342
FIS-3451366535,2/27/2020,5/13/2019,DHL,80058-3314
RDF-6993266804,4/25/2020,7/31/2019,DHL,01593-2919
DFE-4795764133,10/22/2019,6/20/2019,DHL,47875-8171
QNW-1074365174,9/25/2019,6/8/2019,UPS,61537-9753
HMI-2928182497,3/11/2020,10/31/2019,UPS,45250-4014
GMQ-2565479074,4/24/2020,8/14/2019,USPS,04747-0461
RNJ-2782045943,6/3/2019,9/7/2019,USPS,04228-8454
KLM-1847859406,9/9/2019,3/13/2020,USPS,79111-3219
FCZ-6817992409,3/15/2020,9/10/2019,DHL,28545-8060
ZDD-8741830231,10/28/2019,10/13/2019,FEDEX,25912-8558
VXI-3569751820,1/13/2020,5/5/2019,USPS,93478-0169
DAV-3637367515,2/20/2020,2/20/2020,FEDEX,20392-6126
KJP-6571740383,2/4/2020,2/9/2020,UPS,25582-4182
PUI-6967176685,4/10/2020,5/11/2019,FEDEX,50496-9796
YTH-1747925990,5/5/2019,4/23/2020,DHL,65770-1603
YST-5265013511,4/8/2020,10/16/2019,UPS,85623-6318
ANY-8286586458,8/19/2019,1/22/2020,UPS,86773-5736
YVM-6004202307,11/28/2019,3/2/2020,UPS,03006-9865
HYP-6652263015,8/16/2019,1/6/2020,UPS,69659-0342
GZD-6313584068,8/21/2019,10/2/2019,UPS,59387-3301
IQT-4937257852,1/28/2020,4/2/2020,USPS,40392-1816
DDC-3408058895,10/19/2019,9/18/2019,FEDEX,71927-7573
BAW-1705117246,5/28/2019,1/5/2020,FEDEX,01836-0918
UKE-6209658177,12/27/2019,7/8/2019,FEDEX,37569-5947
REO-1881637796,9/10/2019,5/19/2019,FEDEX,51868-1956
DDF-6630054011,4/25/2020,3/23/2020,FEDEX,22071-2543
QYT-9085055141,9/1/2019,1/1/2020,DHL,00200-7960
CZM-3868589788,4/13/2020,10/1/2019,FEDEX,70787-3490
VEK-5331593517,11/3/2019,1/23/2020,DHL,00139-4580
AXM-9235446432,5/27/2019,6/7/2019,USPS,03328-6726
GEH-9175863757,5/4/2019,3/28/2020,UPS,95042-0396
BKH-6906547490,4/17/2020,10/26/2019,FEDEX,69174-1846
WPJ-1194759905,1/26/2020,5/2/2019,FEDEX,72453-8177
KPZ-9047003836,1/13/2020,10/12/2019,UPS,34676-7742
AAJ-1818286581,2/13/2020,7/8/2019,USPS,59150-2046
DSU-0988527737,1/16/2020,2/17/2020,USPS,11181-4048
QOG-3654254110,11/26/2019,12/28/2019,UPS,77482-3833
XQF-7709462052,10/13/2019,6/16/2019,DHL,66841-0428
DNF-2860804013,8/5/2019,3/13/2020,FEDEX,92893-6213
RWA-2594709397,5/2/2019,5/5/2019,UPS,49182-7127
SNY-2190594591,8/9/2019,3/1/2020,DHL,24736-8576
EQH-7834736272,11/22/2019,3/26/2020,FEDEX,72700-5784
YTO-5402374124,10/4/2019,7/12/2019,DHL,96186-3656
QZY-7595969874,4/10/2020,10/27/2019,FEDEX,79156-8709
XUQ-4271745387,10/6/2019,4/27/2019,DHL,73047-2204
PJP-3779220732,6/6/2019,12/4/2019,UPS,78885-9940
PUD-4910450725,7/25/2019,11/2/2019,UPS,37607-1191
XLO-1608030802,8/28/2019,12/23/2019,UPS,85342-8106
USO-0513611259,11/27/2019,5/18/2019,FEDEX,69315-3827
OWX-5450096498,11/16/2019,7/12/2019,UPS,77776-0520
FZP-1843674094,4/26/2019,5/11/2019,UPS,79867-0622
AGO-6012885329,3/30/2020,10/18/2019,USPS,60763-8847
WLZ-5096214709,3/22/2020,3/2/2020,DHL,00634-8772
CWR-1566691666,12/13/2019,4/9/2020,DHL,41589-1182
FNR-5139533035,3/2/2020,4/1/2020,UPS,27732-8164
EDD-7616205915,2/27/2020,9/14/2019,DHL,21853-2015
OHA-7704517309,2/6/2020,4/12/2020,DHL,58672-2159
LZO-5861876750,3/7/2020,11/22/2019,FEDEX,52841-7062
QKU-7866009279,10/22/2019,4/27/2019,DHL,46431-5328
WSR-3935170391,12/23/2019,8/28/2019,DHL,58357-9267
ACE-7709842734,6/18/2019,4/26/2019,UPS,38157-3639
JCS-4321654116,11/8/2019,12/11/2019,FEDEX,38099-6613
VLX-0128343315,12/25/2019,6/17/2019,USPS,61790-7072
APR-8242603288,3/20/2020,1/11/2020,FEDEX,01345-0259
POA-4919791218,11/30/2019,5/1/2019,FEDEX,41850-9151
QMS-3265092123,11/24/2019,5/12/2019,FEDEX,97555-9322
ZLC-4454342172,10/24/2019,6/5/2019,FEDEX,22040-2508
LRQ-7766542879,12/30/2019,2/18/2020,USPS,75378-5571
JVH-1822793297,10/31/2019,8/2/2019,FEDEX,24085-7696
NET-9608133612,5/16/2019,5/24/2019,FEDEX,90234-7053
JRH-9111449291,8/17/2019,9/16/2019,FEDEX,64312-2255
WTA-3572164948,11/27/2019,8/13/2019,FEDEX,04723-8778
PQT-5267072573,3/18/2020,8/3/2019,UPS,86723-7153
YDT-3837809777,3/6/2020,3/10/2020,DHL,14155-2084
ABF-0287239818,12/5/2019,2/9/2020,UPS,07464-4507
KUS-9709255406,6/11/2019,2/18/2020,FEDEX,19111-0718
ETT-7678717882,12/14/2019,1/2/2020,USPS,07049-2867
ESJ-6511659940,10/28/2019,8/5/2019,USPS,44266-6528
IZX-2650216835,12/19/2019,1/10/2020,UPS,28281-3460
DQC-8880659642,2/28/2020,11/26/2019,DHL,45249-0641
BHM-2999449924,8/21/2019,6/26/2019,DHL,16290-9749
XSA-5856033668,3/25/2020,8/8/2019,FEDEX,87190-9295
NRA-1853940273,9/3/2019,3/14/2020,DHL,59484-2583
HEV-3695492616,6/13/2019,5/27/2019,FEDEX,56500-1455
ACM-4021951486,3/30/2020,7/8/2019,FEDEX,06836-3325
VII-3578039577,8/17/2019,2/13/2020,UPS,45786-7068
EOD-2760554106,5/6/2019,6/25/2019,DHL,17630-3511
TWK-3195754604,7/26/2019,5/8/2019,DHL,22227-7370
VKR-3697444235,9/7/2019,12/4/2019,DHL,88357-1741
FQR-5073101024,8/27/2019,2/2/2020,UPS,22753-7010
XNI-7553510306,2/19/2020,7/5/2019,USPS,28421-9305
OUY-7669465888,9/6/2019,3/3/2020,FEDEX,71701-2834
KUQ-7134650866,7/12/2019,9/26/2019,FEDEX,25085-3329
BRA-3047802644,5/30/2019,11/8/2019,FEDEX,15134-6239
DGA-8577923822,5/17/2019,1/18/2020,UPS,45380-5881
ROW-6698156367,6/11/2019,10/25/2019,FEDEX,60925-2889
VGA-4816863285,7/22/2019,9/30/2019,USPS,22453-3725
IKD-0388772443,9/12/2019,5/19/2019,UPS,99718-0651
COW-0786345982,9/24/2019,3/23/2020,USPS,07920-1220
PFY-2225149428,10/4/2019,12/17/2019,UPS,70222-1820
OJY-2656491360,3/6/2020,2/16/2020,UPS,87024-9224
JLN-9767601051,10/31/2019,1/24/2020,DHL,51806-8207
WDR-8134037006,10/26/2019,1/30/2020,FEDEX,15336-8618
SQX-3050307775,7/17/2019,5/29/2019,DHL,78391-1364
GIL-7138424128,2/10/2020,4/23/2020,FEDEX,49845-1070
VRD-4620819802,10/29/2019,9/20/2019,DHL,07122-6613
QXW-8382840533,7/14/2019,1/9/2020,DHL,32222-4609
MDF-7453278535,9/10/2019,4/27/2019,UPS,78990-3361
WYN-2888617055,2/6/2020,3/27/2020,FEDEX,13754-5638
ZHX-0797814806,5/3/2019,10/11/2019,FEDEX,73272-9477
JTM-1639486467,12/22/2019,4/2/2020,FEDEX,61915-2792
RNB-6639044616,8/23/2019,7/23/2019,DHL,59674-0733
DOP-9694827720,6/16/2019,3/11/2020,UPS,57724-9588
PDJ-4398584843,9/20/2019,1/11/2020,UPS,10374-4985
DJK-7622022999,7/12/2019,6/2/2019,FEDEX,96667-4100
HCT-4221271268,3/13/2020,6/13/2019,DHL,37021-3923
NQA-0490084856,6/19/2019,4/26/2019,FEDEX,68427-6076
RJI-3424023532,9/24/2019,1/15/2020,DHL,47033-0412
WCT-5045213323,9/4/2019,3/1/2020,USPS,02169-2719
LGR-7612512003,10/31/2019,1/27/2020,USPS,37969-1407
UAU-2336403469,9/21/2019,7/26/2019,DHL,30800-3131
MVH-5079680733,8/10/2019,6/16/2019,FEDEX,20327-1256
IAP-9234032601,11/14/2019,7/21/2019,USPS,28384-5582
QLP-4102004947,10/19/2019,8/18/2019,DHL,99369-4654
PYI-3597419780,5/18/2019,5/17/2019,UPS,11915-5410
HZA-3906493597,8/22/2019,7/30/2019,FEDEX,35576-0088
USK-1383261401,5/27/2019,10/28/2019,USPS,08195-5466
JGI-8066873670,11/20/2019,8/10/2019,DHL,01443-5042
DVN-1426145051,2/27/2020,9/9/2019,FEDEX,41420-9317
EGF-0094889465,4/5/2020,4/26/2019,FEDEX,54286-7495
ILU-4729480484,6/20/2019,7/15/2019,USPS,11544-4465
RSQ-5321540213,1/27/2020,3/4/2020,USPS,35406-9883
ZXC-1936457194,9/25/2019,7/4/2019,USPS,95387-6833
ZDM-0463155786,1/23/2020,11/28/2019,DHL,58419-0485
JEN-5304549480,9/5/2019,10/11/2019,FEDEX,85263-5523
NSD-6509693294,5/6/2019,10/2/2019,DHL,21936-6558
YVH-8109705542,10/15/2019,12/11/2019,UPS,47036-8731
ORP-4777836072,9/29/2019,1/22/2020,DHL,23535-4950
TDL-1446329614,3/6/2020,7/22/2019,USPS,23530-9470
TYW-1060754444,6/23/2019,8/8/2019,USPS,75002-7806
FXO-0047630087,5/10/2019,9/20/2019,FEDEX,81553-0004
NTP-3500512215,3/3/2020,10/24/2019,USPS,54644-1977
TTH-5011644402,10/30/2019,4/24/2020,DHL,47036-0172
LHR-0822597469,3/2/2020,6/20/2019,UPS,64960-1899
SZW-9536979171,9/28/2019,12/25/2019,FEDEX,27115-9619
DJQ-7223265232,8/11/2019,2/6/2020,DHL,23333-9972
RTX-3168304489,4/9/2020,9/12/2019,UPS,76048-6518
CLJ-7654964697,8/30/2019,10/21/2019,USPS,00463-2132
SKZ-4728035373,5/5/2019,2/13/2020,DHL,20116-0062
UTK-1473823746,9/12/2019,9/19/2019,DHL,59133-1465
DEI-6336755001,7/23/2019,6/6/2019,USPS,68280-7524
AIX-8172575191,11/14/2019,6/27/2019,FEDEX,24025-5450
MNQ-5617339104,3/22/2020,6/5/2019,FEDEX,94722-6188
KHG-1343797908,7/1/2019,5/10/2019,FEDEX,08594-8063
PXB-2429037460,5/8/2019,9/14/2019,UPS,74109-1467
PAY-5896286027,8/29/2019,7/15/2019,UPS,68781-0786
JOQ-0034810539,11/24/2019,2/27/2020,UPS,60661-9776
JJK-5282403473,2/24/2020,12/9/2019,FEDEX,20589-6713
ROT-3618389664,10/8/2019,10/21/2019,DHL,99703-9169
ZSJ-7352151735,6/7/2019,12/31/2019,UPS,17915-8176
NWM-7073538102,4/23/2020,5/19/2019,DHL,88170-1741
RSF-4734170374,9/19/2019,8/6/2019,FEDEX,14826-0612
THH-6246471594,12/20/2019,10/9/2019,UPS,20181-1161
JHA-5487684112,6/3/2019,10/24/2019,USPS,10114-6604
BVI-1497663315,8/21/2019,10/8/2019,DHL,02248-5119
YCH-7953533214,3/30/2020,2/6/2020,USPS,90637-3982
RMF-3385876577,2/14/2020,10/5/2019,UPS,53685-5653
LCQ-9169566556,9/11/2019,1/19/2020,FEDEX,36894-8071
HEZ-7364222867,10/26/2019,11/20/2019,USPS,83407-3539
XEL-4320946403,11/19/2019,11/24/2019,FEDEX,70228-3183
ROI-8396956942,8/17/2019,11/1/2019,DHL,99638-3360
DST-6276828979,7/4/2019,2/11/2020,UPS,59799-0537
FGO-9230905386,9/5/2019,2/12/2020,UPS,41161-6933
ATM-0177863405,9/10/2019,9/24/2019,DHL,52815-7442
JTK-4775480578,11/2/2019,8/12/2019,UPS,37325-0149
FYV-6285621844,8/15/2019,12/20/2019,DHL,51841-2789
YIG-4625436385,4/14/2020,3/6/2020,FEDEX,90852-4518
IDI-5991925851,1/20/2020,12/5/2019,UPS,49703-9107
VGL-4288676216,8/6/2019,10/19/2019,UPS,38297-9949
XNJ-4387944962,9/25/2019,11/29/2019,USPS,12981-2206
TCA-5510119839,5/20/2019,6/2/2019,USPS,33848-1780
XLI-5944622690,10/23/2019,6/12/2019,UPS,69469-0220
VWE-4184874867,5/27/2019,4/26/2019,UPS,26012-3155
ZTS-9264358897,8/21/2019,12/20/2019,DHL,99236-6272
RXI-5450602258,4/7/2020,5/9/2019,FEDEX,86249-3974
SPJ-8067607910,7/9/2019,2/13/2020,USPS,21273-4128
NTQ-0979897128,1/14/2020,2/3/2020,USPS,25844-1127
GAO-8225389593,1/4/2020,6/20/2019,FEDEX,74403-0163
FNV-3681045334,5/21/2019,4/13/2020,USPS,86664-8259
RYK-5756853236,2/18/2020,3/30/2020,DHL,95346-3226
VAL-8494061769,5/19/2019,8/25/2019,FEDEX,90005-9099
KWT-1782656024,5/31/2019,4/20/2020,FEDEX,14449-1877
NHV-5234372614,2/5/2020,12/3/2019,DHL,27293-6604
GKG-3098978486,2/26/2020,6/4/2019,FEDEX,76398-0054
NDG-3813377864,6/28/2019,6/7/2019,UPS,00687-8629
QGK-4240863326,11/5/2019,7/22/2019,UPS,36253-2330
RQM-6714777161,11/5/2019,5/20/2019,UPS,98175-9173
VVH-7965757615,4/2/2020,2/11/2020,FEDEX,83268-7212
BQC-4599288766,4/5/2020,3/14/2020,USPS,88268-2378
CXB-3827138662,8/3/2019,12/25/2019,USPS,10362-4767
FXY-4215212779,7/16/2019,7/13/2019,DHL,28558-5426
TNF-7020978849,3/2/2020,8/7/2019,FEDEX,89195-1671
MNU-9674848985,9/16/2019,11/29/2019,UPS,07772-7335
FJY-9020232222,8/10/2019,1/2/2020,DHL,48280-3812
GTU-9397953291,3/3/2020,2/28/2020,DHL,52320-3742
NFN-2260517964,5/31/2019,8/17/2019,USPS,00091-8567
YJH-8926095186,11/20/2019,4/1/2020,USPS,56769-9192
ISK-3935909272,3/23/2020,1/10/2020,FEDEX,21677-3267
LJQ-6696851765,4/1/2020,12/1/2019,UPS,86668-4877
CRV-6408768751,10/15/2019,2/6/2020,DHL,47928-3554
QJB-7541844354,12/1/2019,6/15/2019,DHL,75075-6235
RAX-8110959996,6/1/2019,12/30/2019,DHL,78616-0584
HAK-0767342005,7/21/2019,5/16/2019,DHL,30444-2551
NXP-4790875427,10/10/2019,12/26/2019,DHL,34982-9370
UGO-8800786837,10/4/2019,12/12/2019,DHL,03030-8094
VJZ-0226692793,11/27/2019,9/3/2019,UPS,35285-0645
UIF-4394976390,1/8/2020,1/5/2020,USPS,80447-3362
OKL-6530646993,9/30/2019,7/3/2019,USPS,36487-7040
ZIE-0798070912,11/24/2019,5/24/2019,USPS,13515-9245
ZEV-2351244980,2/5/2020,8/13/2019,DHL,13676-3925
CFO-2922131343,3/27/2020,7/22/2019,USPS,00087-7109
NIS-0845968577,6/17/2019,6/7/2019,USPS,10309-6303
WOD-2867475959,5/29/2019,5/24/2019,FEDEX,13093-7165
PED-9940778928,9/3/2019,3/27/2020,FEDEX,78229-0420
CSK-6593675424,9/12/2019,2/2/2020,USPS,09225-2463
AUS-3110299868,8/23/2019,9/30/2019,UPS,70891-0881
LBD-6652669279,6/15/2019,11/1/2019,FEDEX,24067-3718
MYO-3736618144,9/8/2019,7/26/2019,FEDEX,26707-0247
QRV-6486665027,12/7/2019,3/31/2020,USPS,51173-9273
LZM-6477633372,6/29/2019,2/9/2020,FEDEX,90149-1928
GLN-6881701411,8/8/2019,12/1/2019,USPS,61784-3493
ROH-2729388610,12/8/2019,9/20/2019,FEDEX,71507-2682
OOS-6679417412,10/30/2019,12/31/2019,DHL,94723-3925
LHM-5458119658,9/26/2019,7/16/2019,UPS,25059-4842
BXZ-3393264621,2/15/2020,9/20/2019,USPS,35319-9542
ROH-6738818496,11/24/2019,12/8/2019,UPS,97116-0119
HIZ-4529965455,5/7/2019,8/30/2019,USPS,88333-6773
VRS-2004361368,9/29/2019,6/26/2019,USPS,11273-5169
TQQ-8161743491,11/13/2019,5/18/2019,USPS,58752-1334
YCX-6601301359,2/2/2020,12/14/2019,FEDEX,42144-4745
JBI-1102493654,11/27/2019,2/17/2020,DHL,05185-0143
DYK-3247975208,2/11/2020,11/1/2019,USPS,91184-6553
NGM-4680707875,2/7/2020,10/24/2019,FEDEX,28174-6978
KTB-5434359151,11/15/2019,8/14/2019,UPS,90975-3445
CYB-3900809022,11/3/2019,10/10/2019,USPS,29996-2215
NXR-5540945936,9/30/2019,10/13/2019,USPS,65161-0274
EHD-7724653231,10/25/2019,9/5/2019,FEDEX,64560-3035
FZT-9814661975,3/2/2020,6/20/2019,UPS,49775-6050
XPB-9928769375,12/10/2019,11/28/2019,USPS,35377-2564
IFQ-5619287930,9/3/2019,6/30/2019,FEDEX,46009-8836
KVR-6753504955,12/25/2019,10/12/2019,UPS,37271-5039
QAJ-4081345375,4/14/2020,11/23/2019,UPS,23682-2081
JOW-7629811195,7/12/2019,8/13/2019,DHL,57420-6528
YUU-8854712032,1/19/2020,2/20/2020,DHL,91934-9243
AYA-6935138205,3/19/2020,5/2/2019,FEDEX,55596-7972
CGE-3388345410,11/27/2019,5/31/2019,DHL,01610-8804
KYA-3403348566,12/30/2019,4/27/2019,UPS,62093-7830
ERB-3678064500,12/31/2019,9/16/2019,DHL,90575-1089
JOI-6815211215,10/24/2019,11/1/2019,UPS,97423-3210
VQE-2214087553,4/21/2020,6/3/2019,USPS,15959-8855
TXU-7793682795,5/14/2019,3/2/2020,DHL,41726-3497
UCD-5822950556,10/1/2019,10/22/2019,DHL,48823-1006
NYE-9750902010,8/11/2019,12/9/2019,USPS,35172-3172
QCL-2423540528,10/18/2019,11/2/2019,FEDEX,10783-0686
FQM-3479022081,3/14/2020,1/19/2020,DHL,04487-7580
PZY-4930270713,3/31/2020,2/17/2020,FEDEX,31657-1571
NNE-3722307603,1/11/2020,3/30/2020,UPS,62149-0513
FSA-4155076535,5/13/2019,4/7/2020,DHL,36326-8375
YUR-7000416162,12/6/2019,3/5/2020,FEDEX,18916-1700
LOT-6389964705,6/13/2019,7/1/2019,UPS,30957-3604
EIV-4117697094,2/24/2020,2/27/2020,DHL,46930-6468
VNQ-4919512376,4/19/2020,2/5/2020,UPS,28932-2885
FBP-9855494297,8/22/2019,2/10/2020,UPS,07912-1409
TAI-6026106089,11/30/2019,12/8/2019,USPS,59631-3853
OBL-6437465257,2/7/2020,4/16/2020,DHL,68785-9829
NKU-7654856536,9/21/2019,1/31/2020,USPS,72839-2171
OSF-8145322147,1/17/2020,3/20/2020,UPS,65122-6636
SXF-4675763687,12/30/2019,7/27/2019,FEDEX,30419-2139
NYU-9377937186,1/31/2020,1/3/2020,DHL,43713-4358
PWD-9536425393,5/31/2019,10/22/2019,DHL,77648-3812
GYX-9428642356,1/18/2020,7/24/2019,UPS,17568-3148
QNN-9165612326,7/2/2019,1/30/2020,UPS,29946-1440
WTC-4890372192,3/22/2020,4/30/2019,UPS,43945-0330
MCU-1054944142,10/5/2019,1/12/2020,USPS,53937-5333
OCW-2673968679,6/24/2019,11/26/2019,DHL,84697-5966
NZU-5981902712,9/1/2019,9/4/2019,DHL,55692-4940
RHZ-3505201452,1/9/2020,6/27/2019,UPS,02367-3778
FJP-2575506247,1/31/2020,11/12/2019,UPS,69464-8803
LTD-9883361564,10/5/2019,1/8/2020,USPS,69298-7936
WXA-6536214034,6/16/2019,10/24/2019,USPS,11089-3481
DNV-0579095746,1/6/2020,4/21/2020,USPS,05261-5960
SDD-4065752285,10/15/2019,10/29/2019,FEDEX,51505-5364
JBY-6237407839,3/30/2020,2/22/2020,USPS,38952-0182
UWP-0300417259,12/27/2019,2/17/2020,UPS,94260-9743
RZI-2961932246,8/19/2019,7/23/2019,DHL,47886-4069
HID-1233988561,9/17/2019,4/14/2020,DHL,09983-4126
ZYS-7480749884,12/11/2019,12/2/2019,UPS,38449-6179
SBN-9560822697,11/12/2019,8/7/2019,FEDEX,45352-9944
JYW-4014629288,6/13/2019,1/8/2020,FEDEX,96279-7147
NFA-8490531684,3/19/2020,4/26/2019,USPS,87267-7509
AQV-7406783522,4/14/2020,11/8/2019,FEDEX,38019-4190
NHK-6647369930,7/30/2019,1/23/2020,USPS,72566-5227
PMN-2587531514,3/16/2020,11/7/2019,DHL,43115-5447
CTK-1171729473,1/4/2020,3/14/2020,FEDEX,53052-4116
LZC-6098439403,1/30/2020,4/21/2020,DHL,15633-1332
SWQ-9414568207,8/28/2019,8/24/2019,FEDEX,25974-5185
KMH-2503143971,11/28/2019,6/13/2019,DHL,03550-7880
FDN-6928692580,12/27/2019,7/11/2019,DHL,07819-8776
AHJ-5094251416,11/15/2019,5/27/2019,DHL,05703-0059
GSL-2272154364,1/9/2020,12/27/2019,UPS,33320-1040
WNX-4373170037,7/22/2019,10/9/2019,DHL,29700-7304
DAI-3295270744,12/26/2019,8/2/2019,USPS,71793-2845
FFR-9801151079,5/2/2019,8/29/2019,DHL,27647-4213
CZY-5700933171,6/14/2019,3/5/2020,FEDEX,78232-8065
ZFX-3466135979,8/20/2019,2/26/2020,FEDEX,24541-2758
LBN-6458009344,5/30/2019,12/6/2019,FEDEX,51260-3373
ENA-4172046977,7/17/2019,11/11/2019,FEDEX,79102-3509
EHM-7200188511,11/26/2019,11/24/2019,UPS,49681-8692
QGM-1168344105,3/30/2020,4/3/2020,USPS,82889-2255
EVB-0304390598,6/10/2019,8/4/2019,DHL,07381-5778
BOW-9071637572,7/26/2019,1/14/2020,DHL,32368-7649
UKW-3390225132,5/22/2019,4/28/2019,UPS,03984-0706
ZWW-1721742896,2/5/2020,6/10/2019,USPS,10281-9776
ZKX-4998521032,6/28/2019,1/8/2020,USPS,46443-1023
ZAY-5095294845,5/8/2019,1/1/2020,FEDEX,80803-0468
UPM-2911429657,6/13/2019,11/8/2019,FEDEX,19163-4966
QMI-7473508320,1/19/2020,5/25/2019,USPS,16677-3880
VJB-4481621292,6/24/2019,8/27/2019,UPS,92858-0985
ELV-7890409425,9/30/2019,6/2/2019,USPS,16345-2431
NIS-2597406138,7/11/2019,2/1/2020,DHL,28201-9071
VEE-1570835919,3/16/2020,3/9/2020,USPS,11064-7475
UJP-5693234460,7/28/2019,1/10/2020,USPS,02506-6647
RNF-3289270303,8/2/2019,8/28/2019,FEDEX,23573-1085
VPX-8494617963,3/18/2020,9/27/2019,FEDEX,06705-3816
ICU-3523490383,12/23/2019,2/5/2020,UPS,29339-3993
NFV-1367697482,4/22/2020,7/27/2019,UPS,32234-3971
UGE-5469117856,1/18/2020,6/6/2019,USPS,43519-3958
WLN-7248558783,7/11/2019,3/12/2020,FEDEX,09789-8102
UQE-3082973758,7/25/2019,12/28/2019,DHL,04670-9770
JGY-5443857520,9/17/2019,6/10/2019,DHL,20088-7358
KPA-1126309611,10/8/2019,2/11/2020,FEDEX,53736-3316
NZS-5898338335,2/17/2020,2/7/2020,UPS,09059-2895
ZHU-1004010284,11/6/2019,10/29/2019,UPS,71567-2474
EVU-7365370378,11/29/2019,10/24/2019,FEDEX,65051-9575
ARD-6813968631,6/17/2019,3/12/2020,USPS,99451-9045
RJN-6968313641,2/21/2020,6/14/2019,UPS,12071-8888
RBL-6731954245,12/6/2019,10/13/2019,FEDEX,53593-1916
GGK-8889983081,1/10/2020,6/28/2019,DHL,09114-2370
DYM-2500608465,6/15/2019,7/7/2019,UPS,49270-2937
JFE-6496164509,1/17/2020,3/24/2020,USPS,68852-9767
JXI-2667603205,7/14/2019,11/11/2019,FEDEX,08470-8207
SAT-3352050967,6/15/2019,2/17/2020,USPS,68518-6146
IYK-4607560778,6/6/2019,6/22/2019,FEDEX,99999-3276
RQA-3477573035,8/4/2019,11/20/2019,FEDEX,46589-8805
KPP-8403571654,1/6/2020,11/15/2019,UPS,75195-1208
JBD-8406892176,9/4/2019,7/1/2019,UPS,61515-5821
NRH-8913965983,4/23/2020,4/15/2020,DHL,47623-4284
JAO-8734289054,3/30/2020,4/14/2020,DHL,67771-8783
VMI-2270582819,11/15/2019,5/26/2019,USPS,10044-4282
LEH-1939330055,8/7/2019,12/31/2019,UPS,70194-6966
TAA-0258480390,12/18/2019,9/1/2019,FEDEX,13706-7828
GZJ-1040695028,9/30/2019,8/30/2019,UPS,98249-0239
RNJ-7345934345,3/10/2020,5/23/2019,FEDEX,03695-0706
HVE-2818877324,6/28/2019,11/4/2019,FEDEX,06532-3581
XJH-5736689214,1/15/2020,3/23/2020,FEDEX,58543-6827
HUZ-1640923325,12/13/2019,8/24/2019,USPS,07871-9338
RAB-4416864061,8/26/2019,5/19/2019,UPS,50861-4976
VSI-0316876981,12/23/2019,2/6/2020,DHL,89745-6458
QTQ-2759360217,5/2/2019,4/5/2020,DHL,84621-6179
HSU-5245323225,3/21/2020,7/24/2019,DHL,54243-0515
JWD-7165418129,5/27/2019,2/8/2020,UPS,61769-4868
HZN-2924582699,9/15/2019,1/16/2020,DHL,00341-6068
FNP-7372220882,4/30/2019,1/9/2020,USPS,56998-7169
ATM-6028592523,9/22/2019,9/17/2019,DHL,22663-3925
WQV-3044388034,6/27/2019,12/10/2019,UPS,37780-2857
YOT-5929572349,3/8/2020,12/7/2019,DHL,34643-5372
BMD-3223817619,8/23/2019,8/10/2019,FEDEX,39857-9181
IZK-1299409698,6/14/2019,7/11/2019,UPS,51518-3139
FDT-3261723330,5/6/2019,8/29/2019,USPS,22523-5530
FLW-0496178644,9/20/2019,9/22/2019,USPS,99780-2576
ACW-4759133998,3/31/2020,4/10/2020,FEDEX,10800-5282
UXO-4385878994,6/5/2019,7/7/2019,DHL,34505-5648
GCS-4890807412,12/3/2019,3/27/2020,UPS,92752-8077
AWG-3168804292,2/27/2020,12/5/2019,UPS,88151-4114
VHY-3537249448,2/13/2020,6/12/2019,DHL,36711-6411
MJE-5336643905,10/15/2019,9/30/2019,UPS,02971-5552
WRQ-8330492261,11/8/2019,9/5/2019,UPS,58985-5227
ZHD-0411143489,9/26/2019,7/19/2019,UPS,56504-2396
KMH-4951803581,10/21/2019,4/18/2020,DHL,78885-6050
MHP-9712922107,8/27/2019,1/10/2020,DHL,72757-6125
DZB-0691141250,8/27/2019,11/5/2019,UPS,98380-2330
JVJ-0472444058,11/26/2019,8/12/2019,DHL,18319-5261
NMR-3890443484,12/22/2019,1/24/2020,FEDEX,43774-3596
PLB-7804521204,4/2/2020,3/15/2020,DHL,62905-7680
VSN-5560994658,8/28/2019,4/17/2020,UPS,15665-8560
DNU-2552020193,3/24/2020,9/24/2019,UPS,31924-8278
USM-0413235998,8/24/2019,3/7/2020,DHL,26684-9135
WUQ-5887045772,12/13/2019,3/21/2020,USPS,28247-3220
ALB-3190033129,2/7/2020,10/17/2019,UPS,78273-1766
VKP-9954768773,4/16/2020,2/3/2020,DHL,06318-0648
XJY-4776177122,2/20/2020,6/30/2019,UPS,22327-9066
UFG-0623775970,2/22/2020,3/22/2020,UPS,64482-8937
LAJ-5275062092,8/3/2019,4/15/2020,UPS,68404-5777
OEE-6126198863,11/26/2019,6/21/2019,DHL,32311-2473
TDD-7774781050,9/7/2019,1/15/2020,USPS,03837-0295
LLH-3086100994,7/2/2019,12/28/2019,UPS,18956-6579
ZDE-8147301760,4/24/2020,4/22/2020,FEDEX,50691-1504
ZED-5868684942,12/21/2019,11/26/2019,DHL,41851-6419
EFX-0688990544,3/26/2020,3/23/2020,USPS,56648-6574
YKC-5088107231,6/29/2019,2/21/2020,USPS,51305-2718
RHA-8896691121,10/24/2019,1/31/2020,USPS,53936-3533
RWC-4142130866,7/4/2019,10/28/2019,USPS,11984-0538
SLV-5070641364,6/29/2019,12/1/2019,FEDEX,02138-1999
DWS-7880794854,8/24/2019,8/16/2019,DHL,25212-2158
FON-5775400260,3/17/2020,5/4/2019,DHL,39471-4300
VHT-9677439871,5/28/2019,5/3/2019,UPS,89465-8176
ZWM-1844185105,2/24/2020,8/4/2019,USPS,02405-4072
VIQ-2301069176,11/29/2019,7/26/2019,FEDEX,40819-1412
NQO-5252611074,4/12/2020,2/26/2020,FEDEX,55009-7166
XVW-2550049616,9/20/2019,3/20/2020,DHL,59089-8808
HDU-8658957738,9/2/2019,12/22/2019,USPS,34126-2415
NUO-9772427138,12/16/2019,8/2/2019,UPS,76297-7475
SMC-1482914791,9/9/2019,10/22/2019,DHL,47357-4009
WMP-5162662000,5/26/2019,10/16/2019,USPS,47990-1001
WEB-2339519203,11/10/2019,3/21/2020,FEDEX,13042-2751
IPY-3363012834,9/24/2019,6/23/2019,USPS,14643-8993
OGP-9336364462,4/22/2020,3/21/2020,FEDEX,91575-4201
HZT-5304354632,12/10/2019,8/21/2019,USPS,57273-1105
BZJ-9799292312,2/8/2020,11/21/2019,USPS,38522-7265
PBB-9994189543,9/3/2019,3/22/2020,FEDEX,92903-5170
SAL-4883550894,10/31/2019,5/9/2019,USPS,49223-7082
VGE-4102741297,11/3/2019,5/6/2019,FEDEX,67192-8802
DMA-9957559772,11/15/2019,3/14/2020,DHL,54301-6471
VML-5797565630,2/27/2020,1/23/2020,FEDEX,32988-6269
BVO-3456660771,10/26/2019,7/18/2019,UPS,15866-6937
RDP-9053617443,11/30/2019,10/11/2019,DHL,57097-5646
IZA-3071976065,8/7/2019,12/21/2019,DHL,15454-4453
CAD-0017052551,5/27/2019,10/9/2019,FEDEX,23728-1685
XEF-8030985571,9/30/2019,7/6/2019,USPS,33358-2545
OXK-3840141174,7/5/2019,6/21/2019,DHL,23262-4211
KVB-9721027436,9/11/2019,5/31/2019,FEDEX,18421-1049
UYF-4944733516,3/16/2020,10/18/2019,FEDEX,55643-5171
EAZ-3840471930,5/4/2019,10/29/2019,FEDEX,12271-3330
CKQ-7306928323,11/2/2019,11/9/2019,DHL,80969-1699
BZO-3117406256,10/2/2019,12/11/2019,UPS,13799-9532
QKM-2292612926,9/4/2019,12/14/2019,UPS,77363-9581
WVR-3837042221,11/2/2019,10/18/2019,FEDEX,26235-7783
GVY-7465172912,1/17/2020,3/7/2020,FEDEX,44385-7463
WUM-4455149496,3/5/2020,4/14/2020,FEDEX,78202-2436
VPN-2874933941,4/2/2020,3/18/2020,USPS,26290-3379
JLM-4527431862,1/14/2020,10/25/2019,DHL,21413-6932
JUV-7513203660,2/24/2020,3/1/2020,USPS,48735-7039
MBR-2296237051,2/25/2020,8/22/2019,DHL,18279-5203
HLQ-1937733163,12/1/2019,10/5/2019,FEDEX,04538-5194
MGF-7044291918,3/10/2020,4/19/2020,DHL,16500-7522
LNO-6639297189,5/7/2019,2/29/2020,UPS,60056-0698
WMP-5324334273,2/11/2020,7/13/2019,UPS,43517-8092
ILO-3319359735,2/3/2020,10/7/2019,UPS,06911-1243
KCI-9631186636,6/13/2019,9/28/2019,DHL,24573-7469
XCW-8607781180,2/28/2020,8/19/2019,DHL,31740-1022
AUT-8201980694,12/31/2019,11/23/2019,UPS,95587-6295
YXB-4200141976,9/23/2019,11/3/2019,FEDEX,71932-8638
GMP-8169127386,9/9/2019,2/17/2020,FEDEX,68400-0940
AHZ-4124251691,7/1/2019,3/23/2020,DHL,26224-2218
TFA-1980233905,9/20/2019,6/14/2019,FEDEX,63911-8917
KRX-5571061253,2/8/2020,2/8/2020,DHL,55375-1978
BUH-8602734973,7/27/2019,12/3/2019,UPS,97179-0583
RDD-5940882243,1/24/2020,4/24/2020,UPS,91519-8136
BJU-6232863920,11/20/2019,10/5/2019,DHL,30948-0405
PYK-8624444370,12/7/2019,3/26/2020,UPS,28451-6548
IJE-5270919681,5/3/2019,7/21/2019,DHL,36381-2369
BSR-6662406196,9/21/2019,5/1/2019,FEDEX,28234-1150
GVN-5995975695,11/1/2019,7/19/2019,FEDEX,51136-6037
PQV-1797330453,5/27/2019,1/24/2020,USPS,47010-0633
YOD-5182377823,4/19/2020,6/11/2019,DHL,01600-7585
ZVS-7463802340,4/6/2020,7/5/2019,USPS,59997-5925
DIJ-2661345635,3/10/2020,1/10/2020,USPS,65021-1478
SVL-6777730440,8/4/2019,2/22/2020,USPS,02281-1972
EPW-3450045691,4/2/2020,12/21/2019,FEDEX,52337-1956
VLV-8215691351,1/21/2020,2/4/2020,UPS,07468-3082
EXL-2633935079,4/6/2020,11/18/2019,FEDEX,71469-6179
OHK-6687193721,7/6/2019,12/4/2019,DHL,26126-4513
EQH-4590090343,5/26/2019,11/30/2019,FEDEX,00962-5018
EUD-2981096017,4/25/2020,6/19/2019,FEDEX,34691-6745
FIJ-5763470702,3/30/2020,7/20/2019,USPS,24208-4347
CVU-8283904766,8/26/2019,8/16/2019,USPS,57673-6089
EDB-0227608252,4/22/2020,1/18/2020,UPS,45282-2929
PCJ-5727565295,9/4/2019,10/4/2019,DHL,06699-8515
EHY-0169614211,11/8/2019,9/30/2019,DHL,25978-8463
GKS-7120501832,3/20/2020,2/5/2020,FEDEX,85441-3095
IGJ-9669830782,5/26/2019,2/11/2020,DHL,22061-1450
ACD-3271486489,2/11/2020,10/12/2019,UPS,12181-3233
PBQ-3626630187,3/1/2020,8/31/2019,USPS,54425-2411
UVW-1923373332,2/16/2020,1/18/2020,USPS,87828-3234
BMU-0725828493,8/11/2019,6/11/2019,UPS,71309-2882
EXP-9618066129,12/29/2019,2/18/2020,UPS,54463-1993
ZPV-3379162637,6/13/2019,6/4/2019,FEDEX,27307-5850
AYC-4790247916,8/18/2019,11/25/2019,USPS,20062-7846
WCM-2231946396,4/19/2020,2/3/2020,DHL,37309-0529
UEN-7957313354,5/2/2019,3/10/2020,FEDEX,36537-8016
XFJ-9166201291,8/10/2019,11/2/2019,FEDEX,25714-8860
SSX-0121862855,3/25/2020,3/14/2020,USPS,23996-2193
QXN-8770377364,4/10/2020,8/6/2019,UPS,01276-9798
WXU-0858649274,5/3/2019,7/24/2019,FEDEX,96500-5335
GWS-2288616852,3/15/2020,9/4/2019,UPS,29387-8945
XZS-8455455689,2/27/2020,8/13/2019,USPS,49934-9863
HUA-3431425457,11/30/2019,3/30/2020,DHL,81680-2178
XNK-4822251749,8/15/2019,5/15/2019,USPS,64327-6318
HJK-8947967288,2/6/2020,9/26/2019,FEDEX,77124-6073
RHS-2932627293,8/17/2019,4/3/2020,FEDEX,52993-1251
OHE-5450622473,6/22/2019,2/12/2020,DHL,24604-3867
DST-7303305493,7/6/2019,11/30/2019,DHL,55112-2317
KUR-6653596586,9/22/2019,11/1/2019,DHL,47205-1992
QXE-5241108824,6/17/2019,4/21/2020,USPS,87482-9148
HXT-2719464637,1/14/2020,10/22/2019,FEDEX,12986-7862
