ProductName,ProductID,ExpirationDate,Quantity,Price,VendorID
Baby,73097-4875,10/19/2019,270,$1.54 ,1283557
Health,18139-2093,12/20/2019,406,$6.85 ,9048128
Health,76485-6271,11/26/2019,442,$1.66 ,6561412
Shoes,95689-6412,6/15/2019,300,$4.35 ,9363098
Movies,19108-6044,4/27/2019,317,$4.38 ,5908516
Sports,22273-4549,1/23/2020,384,$8.88 ,5706317
Garden,71967-6187,11/25/2019,414,$1.24 ,4373275
Outdoors,87773-9119,1/31/2020,407,$0.23 ,5032582
Automotive,10846-4082,7/31/2019,312,$6.80 ,9802459
Health,90820-8674,12/23/2019,414,$9.41 ,7765939
Books,53530-6707,3/6/2020,123,$7.67 ,2189690
Jewelery,36512-7579,4/30/2019,444,$0.49 ,4206953
Sports,15467-7857,5/25/2019,287,$5.00 ,8900345
Tools,84757-3073,7/11/2019,476,$2.92 ,3652537
Music,73863-2887,9/10/2019,200,$3.89 ,5186512
Home,89838-0921,2/29/2020,123,$7.70 ,5021424
Sports,99562-8363,1/26/2020,106,$8.10 ,4570874
Books,06079-9868,1/11/2020,466,$2.82 ,2010522
Games,42574-1856,2/1/2020,319,$1.18 ,3014164
Health,01358-4477,1/29/2020,481,$6.53 ,7187262
Outdoors,96102-6818,4/14/2020,368,$5.52 ,8286532
Clothing,41154-0714,12/16/2019,209,$7.27 ,6648513
Tools,83778-5641,8/24/2019,435,$2.63 ,175812
Games,08952-8961,8/24/2019,243,$7.10 ,6746466
Shoes,89777-9214,2/9/2020,203,$4.89 ,317265
Computers,13547-4296,2/4/2020,274,$5.22 ,8440754
Kids,91655-3426,12/10/2019,4,$1.43 ,5280057
Grocery,82248-8182,6/5/2019,67,$1.46 ,3689702
Tools,94617-0338,3/17/2020,260,$8.78 ,4396116
Games,74652-9369,11/13/2019,192,$4.09 ,2899978
Toys,27313-8999,7/4/2019,482,$2.90 ,5058181
Outdoors,94807-2860,8/23/2019,196,$6.76 ,7466990
Industrial,88128-4252,8/17/2019,414,$7.85 ,8971987
Automotive,98658-5093,12/22/2019,458,$2.72 ,3196006
Beauty,41860-9830,2/22/2020,45,$1.60 ,9420133
Jewelery,71902-7571,3/10/2020,151,$0.02 ,3383201
Shoes,79059-1509,6/27/2019,105,$5.87 ,8603175
Tools,77866-3034,5/6/2019,456,$9.87 ,5109523
Health,64014-2239,10/21/2019,469,$2.16 ,3704900
Grocery,96939-9379,8/4/2019,243,$1.73 ,6707428
Grocery,72131-8100,6/8/2019,132,$9.94 ,7387741
Computers,71966-2793,2/4/2020,444,$6.16 ,7290406
Outdoors,62135-1746,6/1/2019,325,$7.23 ,4264497
Outdoors,59174-3372,11/15/2019,103,$2.02 ,921564
Baby,79583-9999,9/7/2019,267,$2.43 ,3337475
Grocery,87425-1449,2/1/2020,2,$2.62 ,9177692
Tools,60187-4240,12/11/2019,482,$3.83 ,1761606
Kids,91053-5750,8/5/2019,219,$5.83 ,75195
Beauty,59816-7465,1/4/2020,409,$5.64 ,2385477
Garden,57878-7624,4/23/2020,35,$3.68 ,4500020
Toys,10269-6419,5/9/2019,388,$9.63 ,33564
Industrial,44755-7742,5/5/2019,172,$8.84 ,8928597
Tools,25782-4007,5/16/2019,32,$5.40 ,1446953
Garden,37969-8793,1/26/2020,294,$3.96 ,3972925
Music,75783-9754,1/10/2020,403,$1.02 ,5926910
Computers,86093-0851,8/29/2019,415,$3.63 ,7426688
Shoes,76363-4358,11/22/2019,48,$9.50 ,4218895
Shoes,04024-8129,9/25/2019,134,$5.81 ,9945395
Outdoors,26430-0262,7/24/2019,152,$2.14 ,6601154
Garden,22058-8350,9/9/2019,7,$0.22 ,6744124
Shoes,69021-3956,6/15/2019,284,$9.37 ,7393084
Kids,43395-7354,1/1/2020,208,$9.05 ,1011273
Jewelery,36772-4896,10/16/2019,244,$3.40 ,7609940
Outdoors,89060-6590,8/1/2019,333,$9.78 ,2121761
Automotive,24570-3972,7/5/2019,172,$3.62 ,742403
Movies,74864-8607,1/3/2020,468,$5.24 ,5068500
Garden,38067-2473,11/1/2019,498,$2.17 ,2592210
Beauty,15321-6266,1/16/2020,191,$0.10 ,539449
Grocery,07337-2452,7/4/2019,278,$8.27 ,1444885
Sports,84982-5105,6/1/2019,364,$1.15 ,3243701
Health,43009-5722,12/24/2019,55,$0.78 ,1847130
Music,61955-0747,3/19/2020,186,$6.61 ,2505368
Books,95738-5392,3/29/2020,30,$9.17 ,7143331
Clothing,61583-2303,9/14/2019,98,$1.54 ,6011123
Grocery,59416-6468,11/12/2019,99,$2.44 ,8207622
Kids,76307-1564,8/15/2019,159,$1.77 ,1307862
Sports,18257-2210,8/25/2019,489,$8.04 ,9967591
Kids,89825-4849,6/15/2019,383,$3.08 ,1746419
Baby,13635-2047,2/27/2020,140,$3.40 ,963424
Outdoors,87735-5691,3/15/2020,216,$0.35 ,9224650
Home,88236-7288,5/7/2019,378,$5.47 ,6781901
Electronics,51448-0042,12/17/2019,137,$0.43 ,2449818
Health,49221-2389,7/17/2019,179,$9.31 ,532845
Computers,78960-3104,3/1/2020,14,$1.02 ,6259975
Shoes,50410-1300,7/12/2019,326,$8.37 ,3179646
Toys,50247-6668,4/27/2019,199,$0.41 ,310006
Clothing,41614-2427,4/23/2020,21,$2.62 ,3799983
Books,51036-9340,5/27/2019,394,$5.45 ,353090
Computers,16325-3881,2/1/2020,444,$7.07 ,1150057
Outdoors,40024-4117,11/23/2019,216,$9.02 ,1091720
Clothing,32289-2444,12/29/2019,488,$3.77 ,5116966
Clothing,23600-5030,11/4/2019,128,$1.51 ,1430574
Tools,45935-8668,11/12/2019,216,$4.13 ,5254717
Garden,67578-8515,5/6/2019,356,$0.86 ,8456636
Music,04915-3082,5/14/2019,351,$4.79 ,210298
Tools,00452-7906,4/23/2020,322,$3.60 ,7410704
Games,64106-2166,1/16/2020,303,$4.24 ,6642536
Outdoors,53705-9973,9/26/2019,356,$9.42 ,2273444
Grocery,53012-1874,7/4/2019,500,$4.08 ,1773850
Movies,23885-3384,1/19/2020,314,$5.52 ,5539644
Beauty,11811-6897,11/18/2019,48,$5.47 ,1427165
Beauty,23932-7970,9/6/2019,196,$5.46 ,5812325
Games,55630-3976,6/11/2019,257,$2.68 ,2149595
Sports,31804-8788,8/5/2019,54,$6.96 ,8600330
Outdoors,71574-3762,3/21/2020,374,$4.78 ,5390131
Electronics,82441-4260,3/13/2020,349,$7.54 ,2964138
Health,34565-6715,8/15/2019,112,$7.33 ,7704380
Computers,78227-8320,4/16/2020,62,$2.68 ,8135561
Kids,05320-8648,4/29/2019,141,$7.89 ,8022180
Home,13149-2327,12/20/2019,12,$7.26 ,2689647
Shoes,63252-2545,8/13/2019,211,$9.26 ,6018949
Garden,15133-1035,3/4/2020,153,$7.50 ,5449780
Electronics,24436-2764,12/6/2019,246,$0.93 ,6481504
Tools,11458-2008,2/6/2020,458,$0.57 ,3644943
Kids,21300-0916,2/23/2020,487,$9.78 ,4175402
Movies,01680-4559,11/10/2019,419,$0.82 ,1840643
Sports,74336-2395,1/10/2020,375,$3.82 ,8878275
Electronics,85814-0797,11/2/2019,268,$6.17 ,934527
Electronics,36804-9057,4/21/2020,499,$9.95 ,6070587
Movies,37034-8113,5/21/2019,182,$8.57 ,6824386
Electronics,55204-7205,1/25/2020,242,$0.43 ,9885137
Tools,53707-4504,9/24/2019,120,$4.08 ,3092265
Home,22518-1542,11/2/2019,174,$0.73 ,3412523
Tools,42140-2237,8/12/2019,271,$3.59 ,6772740
Books,67230-9336,7/25/2019,440,$7.86 ,1551768
Garden,03480-2929,12/6/2019,176,$1.01 ,8441588
Baby,44059-2257,3/20/2020,397,$2.01 ,4337121
Automotive,71986-7250,9/26/2019,459,$3.53 ,3318542
Music,79518-1511,7/8/2019,326,$7.01 ,6415646
Computers,63820-6328,2/5/2020,109,$7.55 ,536259
Books,02425-3809,1/21/2020,484,$1.69 ,1467236
Sports,94646-7320,2/27/2020,124,$1.98 ,9674077
Home,17780-8106,4/1/2020,366,$7.94 ,6410730
Electronics,83128-6990,4/17/2020,299,$1.16 ,4338797
Games,69340-5781,7/28/2019,399,$6.85 ,7498426
Industrial,00619-4657,3/30/2020,347,$0.17 ,713144
Music,25016-2699,7/6/2019,292,$1.99 ,6334219
Clothing,00570-4726,3/6/2020,220,$2.31 ,7153073
Clothing,92355-0280,6/28/2019,382,$2.71 ,2106552
Garden,59541-0441,3/2/2020,454,$9.17 ,4924751
Automotive,05493-6593,10/2/2019,160,$1.17 ,2432867
Toys,15557-6961,12/3/2019,261,$8.74 ,9849016
Kids,97505-3797,1/8/2020,280,$2.50 ,5482106
Kids,11716-2244,9/27/2019,277,$2.91 ,6670332
Books,84976-0512,7/6/2019,115,$3.41 ,2956773
Shoes,39487-4019,5/4/2019,235,$0.37 ,5652482
Movies,36008-2702,6/4/2019,73,$4.33 ,5895027
Outdoors,59918-6172,10/19/2019,198,$9.51 ,7338709
Outdoors,15791-1667,10/14/2019,464,$3.47 ,3815861
Shoes,98292-8623,7/25/2019,297,$8.04 ,9814531
Outdoors,15830-2629,2/22/2020,166,$9.53 ,4722437
Automotive,84545-5121,7/24/2019,232,$0.42 ,8991328
Baby,01057-5481,5/9/2019,124,$1.47 ,9777193
Electronics,66179-7327,10/3/2019,387,$5.18 ,9100975
Computers,20726-5937,1/4/2020,454,$3.06 ,1545693
Books,12677-9550,4/24/2020,379,$1.46 ,5195007
Toys,97529-6814,12/19/2019,327,$8.37 ,9930839
Health,08001-6793,8/10/2019,261,$6.04 ,3499512
Garden,92485-5527,6/16/2019,352,$1.19 ,5200330
Tools,79847-1701,12/29/2019,488,$2.64 ,9803009
Tools,49125-7610,3/25/2020,369,$9.78 ,2063308
Jewelery,24055-9279,11/3/2019,198,$6.64 ,1579640
Computers,28159-9038,3/23/2020,265,$3.73 ,727637
Electronics,57097-0165,9/17/2019,432,$5.33 ,3398521
Home,35253-5188,8/7/2019,266,$9.50 ,8616201
Music,93534-2160,1/26/2020,80,$1.84 ,7220659
Sports,45738-0230,12/9/2019,42,$4.82 ,9984955
Kids,06444-3131,3/1/2020,487,$1.27 ,4839092
Movies,89334-4118,1/4/2020,23,$4.69 ,3765826
Books,05157-0634,1/8/2020,14,$3.82 ,7992407
Books,22170-5598,10/25/2019,398,$5.34 ,1906856
Clothing,43170-5565,7/14/2019,263,$9.66 ,580006
Music,64101-8945,6/6/2019,490,$4.77 ,85985
Outdoors,08876-6466,3/5/2020,227,$0.18 ,9633494
Shoes,41010-9681,1/15/2020,357,$6.49 ,7756294
Baby,79821-0435,9/18/2019,328,$1.65 ,7749378
Grocery,23627-3341,8/23/2019,471,$5.12 ,1509824
Shoes,89058-2643,3/15/2020,338,$3.54 ,7175023
Grocery,63864-1610,5/29/2019,229,$4.46 ,1793686
Kids,56384-0719,2/7/2020,152,$8.15 ,9244342
Tools,76630-2551,5/19/2019,231,$5.67 ,7362803
Sports,19992-1905,8/13/2019,92,$5.13 ,5245314
Kids,84451-3150,7/14/2019,270,$5.70 ,4437741
Grocery,61070-4280,4/3/2020,400,$2.96 ,8757411
Garden,01761-2818,8/13/2019,4,$4.93 ,2221592
Garden,84235-3352,2/8/2020,139,$5.41 ,9859091
Games,68890-2387,7/15/2019,156,$1.54 ,7612893
Outdoors,11682-8811,3/4/2020,3,$6.63 ,2697331
Toys,26626-7260,8/1/2019,11,$8.25 ,6686425
Industrial,47899-4108,1/19/2020,300,$9.62 ,1261300
Sports,02680-2787,4/29/2019,395,$6.83 ,3063531
Games,15736-6917,12/13/2019,466,$3.76 ,916841
Computers,09874-0305,12/1/2019,475,$5.78 ,9012478
Automotive,10665-7434,8/20/2019,25,$2.07 ,1651209
Garden,15517-4416,9/27/2019,333,$8.27 ,3245235
Industrial,27044-3924,2/26/2020,189,$4.55 ,1874171
Health,23624-2016,3/16/2020,333,$3.84 ,7647129
Computers,86957-5672,11/6/2019,37,$3.07 ,9867765
Outdoors,02882-0741,10/28/2019,318,$8.09 ,956123
Toys,16518-2355,12/29/2019,229,$7.80 ,6691830
Kids,32658-3734,12/3/2019,12,$3.83 ,4068356
Sports,22650-5422,8/30/2019,1,$3.37 ,5943162
Shoes,06017-0098,11/26/2019,188,$4.27 ,7958677
Beauty,59060-7368,9/1/2019,6,$3.28 ,3388735
Grocery,93093-7588,9/14/2019,310,$3.02 ,2571108
Music,77849-3014,12/5/2019,55,$9.64 ,1984159
Games,29559-1472,2/27/2020,63,$8.14 ,8232858
Shoes,27819-7811,4/13/2020,483,$1.71 ,3349644
Books,38645-5962,3/8/2020,291,$3.04 ,4881227
Home,59622-6120,7/26/2019,365,$2.75 ,6906892
Automotive,78768-6989,6/9/2019,460,$1.36 ,2162771
Shoes,87096-6767,6/1/2019,107,$1.14 ,3854539
Toys,21067-1822,7/28/2019,481,$6.38 ,3920559
Jewelery,23960-7699,1/22/2020,75,$4.22 ,8337645
Music,99165-7877,3/23/2020,166,$4.42 ,5703660
Kids,36943-1457,10/10/2019,325,$0.92 ,5011828
Games,51675-6431,3/12/2020,21,$1.93 ,5081108
Home,57429-3074,5/21/2019,353,$5.35 ,6419112
Home,38413-7531,6/4/2019,374,$2.90 ,2593431
Games,48599-5828,10/29/2019,49,$8.40 ,6254478
Games,04837-6601,4/30/2019,118,$8.72 ,5693897
Shoes,02524-2173,3/8/2020,72,$3.75 ,2556376
Garden,52967-6502,5/11/2019,20,$9.51 ,4863746
Music,46526-9792,3/17/2020,148,$5.98 ,4429435
Beauty,66859-6478,9/18/2019,478,$7.36 ,7058175
Beauty,11276-8138,5/20/2019,173,$8.73 ,2386578
Music,21307-1996,7/6/2019,396,$7.16 ,8113373
Industrial,51716-5527,2/7/2020,431,$0.70 ,641246
Computers,19124-9644,1/17/2020,393,$2.40 ,4190192
Tools,99491-1166,9/29/2019,240,$2.81 ,7098366
Grocery,58508-0476,8/25/2019,111,$0.22 ,5676499
Toys,16567-4563,11/29/2019,232,$0.00 ,6497382
Books,30444-5822,8/8/2019,15,$8.87 ,9978358
Movies,75696-6334,6/1/2019,27,$2.89 ,386768
Kids,27522-9275,3/21/2020,111,$6.79 ,8007576
Electronics,23942-5301,5/8/2019,123,$1.76 ,4398053
Toys,79708-6191,5/17/2019,151,$6.66 ,698452
Garden,49188-7542,11/28/2019,334,$7.36 ,6739858
Books,84770-0408,3/2/2020,169,$4.09 ,2066339
Outdoors,15371-7583,1/29/2020,50,$7.58 ,6711238
Clothing,14386-4690,4/7/2020,77,$7.97 ,5088986
Home,70699-1238,4/2/2020,364,$9.86 ,9142044
Tools,19904-4395,6/5/2019,285,$9.53 ,6187695
Shoes,26590-2054,11/30/2019,72,$2.14 ,4219142
Books,93625-0229,3/29/2020,52,$2.20 ,4362787
Clothing,18248-4905,12/16/2019,27,$9.91 ,8807745
Tools,23452-9585,11/30/2019,329,$2.40 ,5257890
Kids,40583-6183,11/23/2019,10,$4.95 ,7305662
Industrial,50778-7911,10/9/2019,274,$2.17 ,9156221
Health,05120-0351,11/6/2019,103,$2.23 ,2359502
Automotive,28106-2426,5/7/2019,382,$0.37 ,8072892
Tools,27370-0213,1/5/2020,325,$5.61 ,133786
Health,21370-4785,3/28/2020,218,$6.25 ,8198167
Books,06306-6854,4/3/2020,165,$9.13 ,7693567
Sports,52599-4520,11/11/2019,311,$6.53 ,1185838
Kids,12259-4746,7/11/2019,88,$6.40 ,8326702
Beauty,89230-2296,10/16/2019,483,$2.16 ,7052883
Industrial,58942-0033,2/12/2020,106,$5.53 ,2498503
Toys,32206-9751,12/6/2019,378,$6.70 ,1359268
Games,12256-4382,2/28/2020,168,$4.61 ,8764519
Electronics,60063-0144,11/13/2019,43,$6.73 ,2547922
Home,95544-7708,9/1/2019,465,$7.98 ,4811619
Toys,84696-9477,8/17/2019,5,$9.91 ,4423170
Home,57944-3210,12/22/2019,237,$2.80 ,7014180
Computers,77815-7472,7/18/2019,444,$1.46 ,6203970
Clothing,23602-0609,8/7/2019,258,$3.14 ,9578002
Baby,04406-3191,8/14/2019,220,$6.08 ,1477157
Beauty,50922-0857,9/5/2019,435,$9.00 ,9831860
Baby,77114-1119,7/25/2019,354,$6.49 ,9852426
Garden,99501-4154,10/11/2019,136,$9.82 ,6639365
Jewelery,91093-5098,1/15/2020,198,$1.70 ,8458849
Health,69983-7617,3/4/2020,330,$5.48 ,2965156
Sports,89612-3217,3/5/2020,34,$0.95 ,4312108
Games,79757-3661,5/16/2019,406,$1.29 ,3380507
Electronics,60666-2337,1/31/2020,422,$2.86 ,6194951
Games,87041-6855,6/17/2019,489,$6.55 ,7898453
Books,57068-1009,12/20/2019,134,$3.39 ,7813051
Baby,82761-0250,3/23/2020,290,$8.65 ,4591966
Movies,61131-7148,11/29/2019,351,$9.79 ,4972580
Industrial,92173-2561,1/9/2020,12,$1.16 ,3954069
Automotive,54761-1498,10/14/2019,423,$9.56 ,651650
Computers,79109-9252,8/7/2019,234,$2.11 ,9655353
Home,67111-0286,2/22/2020,68,$9.65 ,5696664
Automotive,02917-9745,7/21/2019,362,$3.02 ,9868747
Home,25220-7458,8/30/2019,287,$4.03 ,3588422
Industrial,76292-1320,11/19/2019,409,$0.85 ,6775150
Baby,84714-7859,2/19/2020,222,$6.44 ,1046131
Tools,33228-5940,5/25/2019,69,$9.02 ,6116407
Beauty,79331-5408,11/4/2019,182,$0.46 ,1029080
Beauty,23466-9920,8/21/2019,451,$1.84 ,1204764
Outdoors,86942-6414,4/1/2020,440,$9.03 ,3408016
Health,95915-6823,1/24/2020,261,$8.63 ,7103088
Beauty,01697-4244,6/12/2019,493,$2.14 ,2652765
Automotive,97728-2221,9/7/2019,485,$2.92 ,8392962
Grocery,41231-7843,1/28/2020,247,$6.33 ,3705999
Grocery,93921-9426,7/23/2019,329,$4.47 ,1249187
Movies,01885-5428,11/18/2019,232,$2.30 ,5480920
Home,25110-9714,6/22/2019,481,$4.98 ,3170835
Health,32587-2304,8/26/2019,73,$7.29 ,400238
Industrial,67865-0627,11/3/2019,498,$7.61 ,3448931
Clothing,84038-1313,2/7/2020,220,$8.20 ,4824757
Beauty,67410-9091,12/14/2019,64,$4.04 ,5033921
Toys,53115-8723,12/17/2019,224,$5.15 ,1915708
Sports,75349-3358,10/19/2019,39,$1.46 ,3471669
Music,02101-2657,4/16/2020,265,$7.99 ,1796638
Sports,48682-3335,1/2/2020,15,$5.06 ,6017841
Jewelery,21690-6819,10/29/2019,53,$2.38 ,9299765
Beauty,01425-1914,7/1/2019,324,$6.17 ,4041499
Games,79290-0806,8/6/2019,69,$5.87 ,3685410
Kids,36388-7957,8/30/2019,370,$4.64 ,7177501
Outdoors,79139-9246,1/2/2020,206,$3.08 ,350064
Baby,02427-5582,12/18/2019,249,$3.16 ,1998507
Music,19112-6657,4/8/2020,456,$9.15 ,1598030
Books,57029-0855,12/6/2019,15,$0.75 ,7541925
Jewelery,68694-7215,6/24/2019,498,$0.16 ,3462431
Sports,27812-0647,6/4/2019,283,$9.99 ,1342753
Outdoors,39983-5459,9/18/2019,48,$9.79 ,8995691
Automotive,91517-2784,11/28/2019,434,$5.31 ,4334568
Outdoors,95850-2927,7/6/2019,217,$6.28 ,7128383
Beauty,01022-2508,3/19/2020,394,$0.67 ,2082788
Movies,15107-6524,3/6/2020,295,$7.81 ,5676629
Health,56046-0878,1/28/2020,418,$1.37 ,8377909
Computers,97366-4246,7/13/2019,247,$0.97 ,9263328
Baby,37455-8740,12/28/2019,359,$4.25 ,6636328
Automotive,09588-1866,1/5/2020,277,$4.89 ,9873143
Jewelery,60289-3373,2/20/2020,309,$4.38 ,2596109
Grocery,07931-8401,5/24/2019,141,$2.21 ,6984493
Garden,22616-4025,9/24/2019,296,$8.40 ,2662282
Computers,89580-3297,11/11/2019,163,$5.31 ,9056740
Movies,62378-6401,2/1/2020,62,$4.91 ,1966941
Books,42320-7598,7/21/2019,135,$8.99 ,9018587
Outdoors,89643-4036,2/8/2020,375,$6.42 ,358952
Music,50463-8268,11/4/2019,461,$2.01 ,5683352
Sports,70138-3014,1/8/2020,362,$0.63 ,6986358
Shoes,88608-9057,8/28/2019,183,$5.80 ,1648344
Baby,09963-7225,4/10/2020,292,$8.00 ,2932000
Health,98333-1936,11/7/2019,86,$7.18 ,3979968
Grocery,50684-7344,6/4/2019,176,$7.73 ,6302369
Garden,03035-1235,1/11/2020,53,$5.40 ,519731
Kids,23853-8129,6/25/2019,147,$0.28 ,6427659
Sports,96731-2107,12/29/2019,464,$7.15 ,713757
Health,51867-5068,12/22/2019,457,$4.22 ,3246100
Tools,19683-5164,7/8/2019,25,$9.18 ,997263
Jewelery,12314-1554,2/11/2020,137,$8.83 ,3006192
Toys,23970-8385,2/29/2020,287,$2.27 ,7846185
Automotive,48779-2554,1/29/2020,121,$9.33 ,7851256
Outdoors,63422-7614,5/24/2019,243,$6.18 ,734258
Sports,32356-5088,11/7/2019,65,$1.70 ,1910100
Sports,69920-8020,2/27/2020,301,$4.50 ,3599286
Industrial,12143-7964,2/13/2020,1,$6.75 ,8429707
Baby,24023-7025,5/9/2019,6,$8.30 ,2862731
Toys,71974-9390,3/11/2020,383,$1.52 ,1646951
Kids,59402-4434,6/3/2019,430,$6.82 ,7392968
Computers,88166-4693,7/2/2019,186,$6.15 ,99450
Automotive,98752-8446,3/16/2020,246,$6.04 ,2004681
Shoes,70545-8499,7/29/2019,259,$7.92 ,8229341
Kids,80474-9272,10/17/2019,406,$4.19 ,8949741
Kids,04965-4211,6/14/2019,489,$7.18 ,1001908
Games,02068-4639,8/20/2019,168,$2.70 ,7876266
Books,52446-3885,8/15/2019,382,$0.37 ,4711226
Computers,25389-3322,4/21/2020,295,$9.19 ,4334778
Jewelery,89968-3089,10/14/2019,213,$6.26 ,8955156
Tools,12731-5954,2/26/2020,491,$2.17 ,5314003
Toys,87560-9143,9/29/2019,80,$2.26 ,3218134
Kids,59099-7649,4/9/2020,341,$0.15 ,7902780
Toys,50164-6193,6/5/2019,365,$9.42 ,1116296
Books,02715-6688,3/12/2020,426,$5.56 ,9305814
Home,71248-6259,9/28/2019,343,$0.64 ,3448843
Garden,79076-3237,5/15/2019,122,$9.38 ,2620873
Outdoors,82516-6735,2/22/2020,423,$9.64 ,9657748
Tools,84977-3702,5/6/2019,25,$7.94 ,9381098
Shoes,04440-7786,4/22/2020,292,$4.82 ,5907003
Shoes,09107-8985,6/17/2019,320,$3.65 ,7870554
Grocery,14920-5892,10/11/2019,367,$7.61 ,2226719
Outdoors,68776-9134,7/12/2019,150,$5.80 ,8524716
Books,50507-9533,12/30/2019,340,$2.44 ,4153934
Shoes,40908-2516,6/26/2019,325,$3.85 ,986467
Baby,30794-9445,4/22/2020,161,$5.78 ,8481583
Toys,66321-6016,12/25/2019,442,$8.41 ,5225806
Grocery,24441-7710,9/26/2019,80,$2.53 ,5723253
Beauty,23088-9675,9/10/2019,137,$5.91 ,7222208
Kids,69584-6234,10/2/2019,254,$1.58 ,5182589
Grocery,45053-4240,6/7/2019,294,$5.19 ,7740228
Home,93066-6346,12/17/2019,343,$4.49 ,5142201
Electronics,86629-2948,12/19/2019,446,$8.56 ,6592361
Outdoors,46331-4371,10/12/2019,334,$4.95 ,4600749
Electronics,23276-2467,6/30/2019,361,$0.31 ,3939398
Books,30511-9339,11/27/2019,359,$2.86 ,9395788
Computers,47784-2326,9/22/2019,49,$2.99 ,6369396
Health,03122-9713,5/16/2019,170,$1.06 ,2987043
Automotive,87528-2157,4/20/2020,288,$2.62 ,1568522
Kids,41855-4901,5/31/2019,41,$2.53 ,1021692
Tools,61901-2588,9/25/2019,80,$3.86 ,726180
Shoes,51872-6922,12/28/2019,427,$4.31 ,436738
Health,07700-3209,2/24/2020,288,$7.26 ,8799017
Toys,26538-7173,8/5/2019,329,$4.28 ,517686
Baby,16067-5342,7/5/2019,393,$8.73 ,5937034
Computers,20729-3471,11/24/2019,3,$6.17 ,1019767
Movies,77824-6581,12/9/2019,237,$2.47 ,6301662
Books,59194-2094,2/22/2020,481,$6.40 ,2267388
Garden,62879-7674,4/23/2020,456,$4.40 ,9734015
Beauty,53363-8753,8/19/2019,108,$2.59 ,5372004
Health,95035-5223,5/13/2019,309,$5.53 ,1016329
Clothing,23544-2073,6/27/2019,76,$5.34 ,7156976
Beauty,17267-6635,5/28/2019,90,$7.79 ,3476403
Clothing,13223-7294,2/28/2020,344,$1.15 ,4956548
Kids,31996-3822,6/29/2019,80,$6.09 ,259883
Garden,13418-8487,9/17/2019,281,$3.53 ,6414493
Garden,56173-8604,7/31/2019,296,$2.92 ,3055678
Shoes,77533-3527,8/18/2019,135,$4.37 ,6217513
Movies,78832-7347,4/15/2020,415,$1.44 ,7835390
Games,05812-9352,8/14/2019,51,$8.57 ,8277734
Kids,79900-1436,5/19/2019,14,$7.00 ,9906958
Automotive,15801-8236,10/18/2019,82,$9.22 ,6593908
Health,44759-0192,10/19/2019,130,$3.35 ,1801370
Shoes,11376-9459,1/5/2020,422,$9.20 ,2457459
Industrial,04608-1680,10/5/2019,94,$7.62 ,6563870
Garden,17364-5631,9/17/2019,267,$8.24 ,8057767
Industrial,67065-2633,11/21/2019,221,$4.21 ,6587925
Music,99161-5612,7/8/2019,457,$2.14 ,1529485
Outdoors,70708-5623,11/6/2019,65,$7.87 ,6134208
Clothing,99518-3266,7/30/2019,154,$1.13 ,1342865
Baby,29924-0276,7/1/2019,206,$0.14 ,5311028
Movies,83342-7233,3/12/2020,402,$1.10 ,3871767
Games,82136-5924,4/12/2020,23,$6.03 ,945459
Toys,03868-9475,5/2/2019,435,$9.55 ,6288328
Garden,25049-8937,11/24/2019,311,$1.09 ,8764124
Computers,50697-2726,7/21/2019,432,$8.72 ,9819967
Garden,88366-5273,3/8/2020,233,$3.63 ,1633491
Baby,89593-1206,3/3/2020,491,$4.70 ,5158518
Automotive,16676-0949,4/2/2020,158,$0.51 ,2603124
Beauty,96697-3310,10/2/2019,210,$7.01 ,543068
Tools,77661-4448,4/24/2020,17,$7.93 ,7170132
Grocery,62931-8834,3/6/2020,274,$7.90 ,469362
Industrial,05725-5074,2/2/2020,25,$9.74 ,8510377
Health,52724-1983,10/28/2019,269,$2.60 ,8643953
Kids,18469-4129,8/26/2019,422,$2.06 ,7488406
Industrial,57534-4048,6/29/2019,490,$6.42 ,5313554
Electronics,41716-1937,8/10/2019,320,$0.34 ,4042513
Games,60346-5379,10/23/2019,64,$8.37 ,2201150
Health,55914-5265,3/8/2020,274,$2.74 ,9346728
Baby,81395-8835,4/17/2020,383,$2.98 ,3524753
Jewelery,01055-3388,12/29/2019,500,$4.51 ,6295594
Computers,53361-0198,3/22/2020,206,$8.26 ,6638991
Music,16988-5782,2/7/2020,486,$3.38 ,4882823
Computers,00619-5102,6/11/2019,299,$0.75 ,7283011
Music,36979-4745,9/8/2019,286,$2.04 ,9876009
Electronics,08162-4294,1/8/2020,387,$1.92 ,9257317
Games,14520-9408,3/18/2020,448,$9.40 ,5940419
Tools,06847-2898,2/3/2020,359,$5.42 ,2919822
Computers,99699-3928,2/1/2020,217,$3.69 ,7630896
Home,79958-0781,4/20/2020,66,$6.96 ,8469011
Home,63199-5576,2/20/2020,346,$2.06 ,7572775
Books,58501-2186,8/26/2019,326,$7.39 ,8042433
Health,82668-5872,3/10/2020,89,$5.52 ,6585836
Games,65566-1895,1/9/2020,204,$9.42 ,5285898
Industrial,74123-1343,3/4/2020,417,$9.26 ,2936693
Electronics,69420-0761,5/22/2019,326,$3.17 ,547375
Kids,65085-9992,9/9/2019,372,$7.97 ,8056843
Tools,44113-3911,1/11/2020,212,$6.87 ,2882953
Industrial,91899-0971,10/22/2019,245,$2.10 ,4378419
Kids,85215-2734,7/10/2019,263,$5.89 ,5095093
Toys,93687-4577,6/19/2019,25,$4.78 ,7095642
Toys,93165-5894,8/2/2019,31,$3.25 ,3115184
Movies,99184-3274,9/21/2019,395,$2.42 ,1476167
Automotive,76851-0409,4/12/2020,108,$0.97 ,5384453
Electronics,74574-2159,7/26/2019,289,$6.16 ,6267822
Movies,94880-2067,7/11/2019,372,$1.36 ,8920819
Industrial,72193-4674,6/28/2019,143,$8.64 ,394525
Grocery,65563-1594,11/29/2019,41,$6.40 ,5241216
Movies,59591-9779,5/10/2019,107,$9.69 ,942618
Beauty,46341-1271,11/30/2019,151,$6.20 ,1611612
Grocery,40289-4674,9/29/2019,182,$7.14 ,9482625
Books,89545-8039,9/22/2019,488,$3.13 ,6183954
Garden,20474-9029,7/12/2019,479,$4.22 ,2720794
Home,65650-6564,1/16/2020,328,$8.29 ,113790
Home,58417-7988,3/11/2020,450,$5.60 ,1366473
Health,81880-7848,8/4/2019,227,$7.15 ,2190172
Baby,98180-5028,8/22/2019,48,$3.15 ,8261814
Toys,59743-4155,7/29/2019,138,$9.56 ,5304508
Tools,56237-2018,5/1/2019,209,$5.60 ,7929324
Home,28506-0341,9/8/2019,446,$5.64 ,8097919
Clothing,06695-0368,8/30/2019,443,$6.82 ,89956
Music,12637-2095,1/27/2020,183,$1.69 ,9316294
Clothing,96136-0453,9/22/2019,120,$2.60 ,5896305
Clothing,77168-9353,8/18/2019,340,$7.44 ,1597562
Automotive,12345-5782,4/30/2019,495,$0.73 ,3269685
Kids,06997-4818,3/8/2020,485,$3.62 ,7712253
Baby,91772-7134,6/24/2019,192,$2.10 ,3554281
Music,13960-2317,12/17/2019,334,$8.35 ,5270990
Garden,61796-5376,4/7/2020,371,$5.69 ,2473461
Electronics,26241-0387,9/23/2019,16,$4.23 ,4723097
Computers,21743-1943,11/28/2019,93,$5.82 ,9527367
Health,30351-0510,2/4/2020,315,$7.88 ,7936377
Garden,53998-6468,4/15/2020,223,$0.71 ,4869088
Industrial,42388-8146,8/2/2019,377,$2.61 ,2613703
Sports,12990-5907,2/13/2020,373,$8.63 ,2200524
Kids,38538-6197,12/29/2019,174,$9.16 ,3923022
Toys,96257-7307,10/5/2019,455,$6.35 ,2016224
Tools,83780-8696,3/13/2020,41,$8.81 ,3165835
Games,08360-1202,6/27/2019,288,$2.76 ,859771
Games,24946-1543,4/19/2020,486,$7.77 ,9594833
Books,91891-2656,1/7/2020,289,$3.50 ,4488650
Games,22787-7311,6/10/2019,208,$2.68 ,5777455
Outdoors,30187-1957,6/17/2019,261,$0.56 ,8352620
Movies,15151-1742,7/21/2019,188,$1.57 ,9821760
Home,66309-1639,7/1/2019,363,$1.77 ,4978155
Games,52790-0999,11/7/2019,495,$2.74 ,4758246
Shoes,85854-6598,3/17/2020,34,$0.24 ,5560120
Tools,57931-8099,11/5/2019,452,$8.14 ,9959886
Computers,64160-9990,5/17/2019,143,$4.01 ,2251407
Automotive,29523-1723,11/27/2019,288,$1.66 ,281251
Grocery,58369-7816,1/21/2020,139,$1.43 ,8631648
Home,57301-3884,5/17/2019,417,$7.87 ,8119463
Garden,60937-2369,11/14/2019,253,$7.08 ,2914056
Tools,17428-8119,6/12/2019,440,$1.08 ,5889236
Kids,06866-4818,1/29/2020,84,$0.56 ,6724017
Grocery,81083-1700,3/28/2020,20,$0.72 ,4959274
Computers,00903-3042,5/22/2019,384,$6.20 ,4317365
Kids,13557-1752,8/16/2019,341,$2.65 ,2455871
Garden,79687-4358,8/28/2019,108,$0.03 ,2402155
Kids,34162-8288,12/16/2019,55,$5.04 ,7909843
Garden,98580-3785,8/15/2019,473,$8.30 ,3969359
Garden,28266-8145,5/14/2019,466,$3.22 ,7893151
Tools,77943-6377,1/27/2020,496,$4.89 ,7053116
Sports,17483-5485,2/19/2020,87,$4.35 ,3755732
Health,69359-1063,11/3/2019,499,$0.40 ,9863464
Industrial,36596-0607,12/4/2019,442,$6.03 ,6170169
Outdoors,47615-1639,7/3/2019,469,$6.96 ,9679677
Toys,69819-0832,4/1/2020,249,$2.41 ,2926352
Industrial,63046-5219,1/25/2020,96,$3.07 ,5399550
Clothing,30742-3070,6/8/2019,486,$9.30 ,9791254
Movies,26986-3637,7/2/2019,492,$7.68 ,4799506
Movies,86121-5885,10/2/2019,413,$4.01 ,7387479
Industrial,73207-8326,2/15/2020,406,$7.83 ,778014
Home,80514-4483,8/29/2019,332,$6.05 ,192041
Games,10644-5862,11/30/2019,10,$7.28 ,3263452
Beauty,78249-1837,3/20/2020,281,$2.72 ,6238745
Grocery,27202-0312,1/13/2020,10,$0.83 ,6250294
Music,18769-5273,7/6/2019,198,$2.58 ,7503490
Shoes,37053-1427,4/14/2020,127,$9.90 ,4740802
Home,87041-7205,11/1/2019,233,$4.83 ,2409702
Outdoors,60968-0715,4/29/2019,263,$7.06 ,4979944
Automotive,84186-6072,12/7/2019,73,$0.01 ,4698499
Games,68396-5845,9/13/2019,194,$7.52 ,5150073
Garden,42282-4886,7/2/2019,158,$7.50 ,3272164
Shoes,04258-6612,6/8/2019,81,$0.04 ,8197541
Tools,89603-3367,5/24/2019,100,$3.54 ,6962124
Music,21452-4147,3/4/2020,53,$0.86 ,6983319
Tools,64023-2543,7/2/2019,365,$1.07 ,5172389
Shoes,81091-8557,8/18/2019,257,$6.67 ,3304070
Games,23234-9198,7/5/2019,210,$5.46 ,4762166
Health,19189-0901,3/4/2020,180,$3.15 ,7606745
Beauty,11419-5307,9/27/2019,103,$9.02 ,1907004
Games,75561-2063,1/9/2020,261,$4.95 ,4047129
Baby,46573-9023,12/3/2019,89,$7.96 ,2984399
Music,92478-4590,7/26/2019,406,$0.68 ,936862
Jewelery,01705-8090,2/19/2020,340,$3.32 ,9825241
Home,03470-8575,1/18/2020,55,$0.81 ,6209798
Tools,26642-4716,10/21/2019,370,$9.11 ,501001
Shoes,90009-8204,2/29/2020,386,$8.26 ,5629320
Baby,80554-8083,1/31/2020,21,$6.90 ,2231259
Sports,03602-5270,6/9/2019,121,$9.75 ,8649607
Games,13098-5515,11/24/2019,127,$5.80 ,7352518
Home,54630-9635,7/26/2019,168,$9.48 ,3394104
Movies,71695-8193,7/8/2019,143,$2.78 ,7307100
Baby,38911-1971,2/26/2020,65,$4.34 ,6504950
Automotive,23252-3602,12/15/2019,36,$9.10 ,5472008
Music,10833-0877,2/23/2020,127,$4.28 ,8651538
Electronics,99279-3810,3/12/2020,161,$2.43 ,7487388
Beauty,27645-7038,4/9/2020,108,$4.71 ,5694349
Baby,05321-3748,7/1/2019,14,$5.09 ,6391479
Health,47643-3671,2/6/2020,184,$2.68 ,9089565
Jewelery,72481-5370,1/4/2020,303,$2.14 ,1506224
Tools,20464-3320,4/18/2020,191,$2.07 ,5022869
Garden,36603-6736,4/27/2019,127,$4.91 ,3601577
Music,55917-9069,12/10/2019,191,$7.89 ,3935847
Outdoors,25238-3288,2/10/2020,260,$1.71 ,5601579
Sports,86205-9953,11/25/2019,456,$9.09 ,3233446
Beauty,34032-2671,10/1/2019,33,$1.85 ,4249442
Jewelery,89997-7455,1/15/2020,103,$5.14 ,6096438
Baby,95721-0945,7/26/2019,375,$4.33 ,8841862
Baby,75803-0013,6/4/2019,19,$6.46 ,4513496
Kids,74919-5547,11/6/2019,297,$1.60 ,5547439
Grocery,28067-1233,10/1/2019,464,$2.05 ,5916823
Automotive,23818-0439,3/6/2020,474,$1.14 ,7983356
Industrial,64337-6084,7/17/2019,274,$6.98 ,6676997
Tools,44776-5625,5/30/2019,374,$0.44 ,959625
Beauty,33857-2554,6/26/2019,227,$9.77 ,3405836
Sports,12102-6836,5/31/2019,334,$6.15 ,3607585
Toys,01848-8805,5/18/2019,384,$1.67 ,9055254
Music,48064-2341,10/17/2019,43,$1.53 ,4028246
Industrial,71382-8913,10/28/2019,37,$1.06 ,4684291
Games,36954-5375,2/20/2020,175,$2.76 ,7916611
Jewelery,86893-5250,10/6/2019,498,$8.94 ,6317343
Tools,88689-4247,3/26/2020,411,$0.28 ,9163573
Automotive,01268-3775,9/7/2019,37,$5.04 ,5325968
Garden,70183-6659,10/4/2019,159,$0.44 ,7962349
Electronics,20735-9783,10/3/2019,71,$6.17 ,265256
Games,24670-9976,10/2/2019,346,$2.39 ,3043190
Garden,09087-4155,12/12/2019,182,$2.96 ,7188416
Books,91595-1893,7/9/2019,425,$3.07 ,9086312
Health,79013-6746,8/23/2019,381,$5.83 ,3011630
Electronics,62427-7555,3/13/2020,185,$0.75 ,6281700
Beauty,00486-9367,4/28/2019,367,$9.08 ,5564318
Kids,56602-1153,9/7/2019,178,$0.89 ,4197076
Garden,47161-2732,8/21/2019,262,$0.24 ,4822934
Baby,52522-5675,5/7/2019,298,$8.97 ,3297601
Shoes,39193-4018,4/7/2020,160,$4.71 ,5464814
Outdoors,38914-4212,2/20/2020,154,$7.11 ,4328580
Health,32475-4386,10/30/2019,131,$6.68 ,8992794
Tools,02316-2964,10/11/2019,18,$3.67 ,8949443
Beauty,49587-8072,1/23/2020,37,$1.72 ,6464277
Shoes,17919-5307,7/22/2019,193,$9.43 ,3236883
Baby,07026-6611,12/20/2019,431,$0.50 ,5458115
Kids,33115-3846,10/25/2019,464,$3.25 ,2926715
Kids,15623-4425,3/26/2020,335,$7.46 ,2703135
Sports,92685-8770,6/1/2019,88,$1.30 ,5301868
Jewelery,41673-0773,1/31/2020,8,$9.27 ,4241573
Movies,34290-9315,4/20/2020,173,$5.62 ,8016826
Tools,34139-1460,4/17/2020,485,$3.47 ,8460537
Outdoors,15853-3244,7/31/2019,187,$6.93 ,2327422
Industrial,88845-7746,10/6/2019,392,$5.92 ,8696915
Industrial,77234-0094,6/14/2019,275,$5.60 ,8807642
Clothing,41287-6229,7/2/2019,208,$7.77 ,4180163
Kids,87978-8627,5/2/2019,50,$1.49 ,7763113
Shoes,92362-5261,2/23/2020,113,$9.15 ,6288381
Automotive,20336-7533,6/16/2019,302,$3.58 ,1274043
Electronics,08480-6278,4/24/2020,215,$5.44 ,5379923
Kids,26440-5791,6/13/2019,300,$0.70 ,5086030
Shoes,19645-7262,8/8/2019,267,$7.08 ,7370420
Clothing,93664-1749,10/19/2019,194,$8.46 ,2556521
Jewelery,99268-6251,11/23/2019,8,$9.52 ,6990532
Tools,47003-1091,5/1/2019,418,$3.78 ,5361922
Movies,12341-7619,1/21/2020,168,$4.77 ,9084820
Movies,98074-5380,6/6/2019,288,$3.94 ,6399696
Beauty,03228-5813,12/19/2019,148,$3.62 ,294982
Outdoors,41768-6830,1/25/2020,26,$9.16 ,2857792
Automotive,51372-2589,6/4/2019,309,$6.44 ,5851925
Outdoors,79115-8421,1/16/2020,259,$1.41 ,7814284
Industrial,50541-5453,7/24/2019,396,$1.23 ,5578595
Shoes,35410-9363,9/3/2019,164,$6.05 ,6493366
Health,58214-9473,11/9/2019,262,$7.61 ,2964353
Toys,85218-9893,8/8/2019,190,$7.22 ,2038673
Games,21943-5546,6/12/2019,336,$5.52 ,7438180
Jewelery,51798-9306,11/23/2019,296,$4.15 ,4413154
Clothing,49360-9998,5/15/2019,280,$5.85 ,729143
Health,77524-8808,12/11/2019,426,$8.51 ,4682774
Automotive,63931-0645,12/10/2019,348,$4.71 ,1507214
Tools,81108-5166,1/13/2020,99,$8.19 ,6155244
Electronics,71399-6958,9/5/2019,333,$2.39 ,7403548
Jewelery,01922-3208,11/23/2019,194,$9.06 ,5588794
Tools,35815-2227,7/4/2019,456,$7.23 ,4984248
Clothing,26338-5867,7/1/2019,493,$4.16 ,1921925
Kids,79191-7631,8/9/2019,213,$1.72 ,5564623
Books,36294-1496,6/13/2019,38,$4.85 ,62368
Sports,13505-4908,11/6/2019,199,$3.46 ,6003014
Music,76155-4331,12/28/2019,183,$6.07 ,89962
Sports,09890-2994,12/4/2019,166,$4.40 ,8885770
Movies,81545-4206,3/27/2020,241,$6.42 ,1852493
Electronics,91881-7152,4/23/2020,419,$1.54 ,3748538
Home,67985-3064,6/29/2019,78,$4.25 ,7486372
Kids,33532-4081,3/20/2020,22,$7.81 ,4184968
Toys,45247-5854,4/11/2020,360,$5.07 ,3867837
Music,92551-9484,11/29/2019,402,$6.72 ,1479763
Kids,59117-8123,8/24/2019,13,$0.91 ,398591
Baby,60945-7358,5/17/2019,50,$1.74 ,4194500
Industrial,26426-4156,2/27/2020,449,$2.69 ,3515437
Electronics,87426-9141,4/25/2020,469,$4.87 ,736790
Electronics,51296-1973,1/6/2020,65,$1.73 ,2874832
Outdoors,41661-6252,10/29/2019,152,$8.92 ,9384502
Jewelery,61318-0082,7/29/2019,400,$8.00 ,4212915
Jewelery,16501-1758,5/4/2019,487,$6.65 ,4187417
Electronics,40856-7302,9/1/2019,70,$0.85 ,3880043
Kids,66518-1089,6/24/2019,361,$4.28 ,7506661
Toys,00617-7664,6/17/2019,158,$8.85 ,1717758
Shoes,81803-2134,8/30/2019,280,$6.71 ,1989589
Grocery,49901-9251,9/21/2019,294,$6.37 ,6939703
Games,18651-2524,8/31/2019,267,$7.84 ,4454078
Home,09384-8299,8/15/2019,136,$8.40 ,376053
Movies,78142-3502,3/16/2020,217,$1.50 ,5027573
Shoes,00289-9916,10/8/2019,182,$5.88 ,9688509
Kids,16871-9075,5/10/2019,458,$9.84 ,2649521
Games,19905-8844,1/3/2020,500,$4.97 ,407607
Home,86448-8310,10/28/2019,327,$1.77 ,8737752
Jewelery,89659-8766,3/20/2020,55,$1.45 ,1921102
Home,89876-1808,10/4/2019,434,$6.71 ,5211123
Clothing,64224-4850,6/26/2019,283,$7.96 ,1943234
Books,83723-6230,7/5/2019,68,$9.80 ,1886513
Electronics,34611-7561,11/13/2019,217,$4.55 ,3971229
Baby,77223-0884,1/24/2020,447,$0.57 ,8764959
Movies,58783-8189,3/31/2020,305,$0.94 ,4096525
Kids,57882-3689,11/13/2019,235,$9.16 ,2764645
Sports,80580-9749,5/2/2019,439,$3.08 ,5023239
Clothing,70524-8558,10/22/2019,398,$6.83 ,8887293
Clothing,77262-1741,3/23/2020,360,$3.92 ,3060265
Health,52073-0542,7/17/2019,193,$9.95 ,1393932
Grocery,85280-4487,7/20/2019,373,$1.20 ,8431557
Industrial,84692-3645,11/20/2019,69,$6.36 ,2479888
Baby,35163-4259,1/24/2020,289,$4.95 ,9478267
Games,42741-8753,9/30/2019,247,$8.35 ,6314203
Games,16416-3221,3/12/2020,113,$2.53 ,5734782
Shoes,60896-5073,9/12/2019,127,$1.95 ,9812673
Tools,21250-2548,1/1/2020,202,$7.67 ,8341841
Home,90288-6660,12/26/2019,295,$3.13 ,1026416
Baby,48840-7291,11/6/2019,427,$0.98 ,1631075
Industrial,38706-6050,10/12/2019,190,$4.28 ,1249755
Electronics,13283-6027,9/20/2019,430,$6.27 ,481757
Industrial,47027-5781,2/22/2020,52,$9.33 ,355508
Toys,78881-9986,12/17/2019,453,$9.06 ,6743373
Beauty,07917-2529,3/6/2020,478,$3.27 ,7325224
Toys,38216-1927,1/19/2020,13,$8.74 ,2584573
Jewelery,12978-9313,1/23/2020,97,$1.07 ,6786310
Kids,44735-5215,2/10/2020,470,$9.65 ,836188
Movies,79787-5697,4/25/2020,245,$2.15 ,8207606
Games,64082-7360,3/13/2020,186,$2.75 ,4541897
Kids,97889-9501,10/1/2019,302,$3.02 ,370337
Computers,80614-4024,3/22/2020,479,$7.35 ,3817205
Health,34589-2932,9/12/2019,98,$9.62 ,5395649
Electronics,80293-2228,3/19/2020,249,$4.86 ,4697997
Beauty,05760-0892,7/14/2019,320,$8.60 ,1298914
Grocery,68960-1944,6/28/2019,80,$1.44 ,1086737
Shoes,84081-7937,5/25/2019,392,$9.23 ,1422130
Movies,42000-0712,2/1/2020,181,$5.36 ,4745470
Industrial,10172-1761,10/7/2019,488,$7.16 ,5766918
Jewelery,57252-4576,2/21/2020,223,$6.35 ,9736460
Games,17279-5397,8/3/2019,442,$1.03 ,9385572
Books,33889-8252,8/1/2019,181,$7.80 ,409857
Electronics,68034-8128,10/1/2019,489,$3.97 ,6983401
Tools,24113-9048,10/8/2019,222,$1.92 ,1238072
Grocery,36833-9541,11/21/2019,495,$2.00 ,2746928
Home,86113-6566,3/3/2020,430,$2.44 ,6702815
Beauty,34850-4685,1/3/2020,281,$6.96 ,1900256
Grocery,78721-5216,2/2/2020,62,$4.40 ,5887055
Grocery,57785-5387,9/28/2019,223,$8.44 ,1370132
Books,37080-2441,6/19/2019,182,$4.74 ,2647267
Garden,64827-7203,3/23/2020,9,$0.85 ,2411187
Shoes,50078-5806,6/28/2019,500,$8.19 ,2841174
Clothing,86532-7343,8/8/2019,260,$4.39 ,5847959
Grocery,63162-8053,6/30/2019,226,$4.84 ,9085299
Sports,67951-3906,5/22/2019,273,$8.94 ,4201794
Sports,45608-4955,10/28/2019,131,$9.94 ,6479725
Books,39987-4004,4/10/2020,427,$3.84 ,7085460
Games,61187-1001,12/26/2019,129,$2.06 ,6114280
Health,95154-8978,7/24/2019,359,$2.30 ,4929085
Toys,10777-8761,3/5/2020,235,$3.20 ,5263738
Jewelery,84518-6454,11/26/2019,251,$8.99 ,8915272
Movies,06329-9605,5/6/2019,165,$2.42 ,9715744
Electronics,59727-3094,10/30/2019,192,$3.34 ,3433503
Tools,68749-1462,1/14/2020,14,$1.50 ,4440134
Jewelery,08150-1061,10/26/2019,207,$2.30 ,6534731
Shoes,40897-9811,9/12/2019,414,$4.96 ,190492
Clothing,56805-3260,10/11/2019,124,$5.81 ,6193924
Health,74538-1553,12/21/2019,93,$6.40 ,3095307
Beauty,50618-9774,3/4/2020,108,$6.30 ,1076681
Beauty,58706-6713,8/24/2019,410,$2.33 ,1566503
Books,16630-6969,4/29/2019,281,$0.64 ,8852547
Electronics,33043-2502,5/8/2019,368,$8.65 ,6850175
Baby,52331-1591,8/24/2019,376,$5.13 ,5900698
Baby,87618-5782,4/6/2020,58,$0.19 ,5315330
Electronics,01550-6055,1/11/2020,287,$3.03 ,2467139
Games,69793-0399,1/19/2020,422,$3.64 ,307759
Jewelery,53479-1632,3/1/2020,260,$3.40 ,8635551
Baby,86835-1440,10/6/2019,282,$0.26 ,4141503
Music,09770-7822,10/25/2019,20,$4.32 ,3993272
Garden,74208-2857,3/12/2020,125,$6.12 ,3320394
Sports,22417-6467,7/23/2019,421,$4.85 ,2878822
Baby,61778-8915,7/25/2019,335,$4.40 ,8382725
Computers,23352-3295,12/19/2019,71,$2.44 ,5327555
Garden,34486-9584,10/19/2019,331,$6.84 ,3101488
Music,52454-1187,4/20/2020,492,$5.91 ,8825290
Jewelery,45767-1201,8/14/2019,337,$6.50 ,5026640
Health,43225-9128,5/22/2019,373,$6.20 ,1423268
Industrial,25873-0263,9/15/2019,201,$5.80 ,6151797
Baby,28542-4868,11/10/2019,357,$1.17 ,3967846
Beauty,30192-8590,1/7/2020,389,$5.40 ,6611305
Shoes,10720-9247,4/23/2020,403,$4.04 ,8560066
Health,66676-1606,2/29/2020,410,$5.24 ,9872750
Baby,52176-4577,12/23/2019,351,$3.17 ,506516
Computers,47762-0863,2/7/2020,116,$4.64 ,1844414
Computers,54622-2623,3/14/2020,413,$4.90 ,3991301
Books,21288-0730,5/7/2019,497,$8.61 ,7523301
Automotive,86857-7600,7/4/2019,208,$4.02 ,9559134
Kids,20549-3134,4/22/2020,260,$0.33 ,1154329
Music,60184-6005,7/17/2019,308,$7.11 ,1567038
Garden,68048-1320,2/9/2020,54,$4.65 ,5270936
Home,97380-6531,12/17/2019,429,$8.23 ,541885
Automotive,32292-7700,6/20/2019,344,$9.00 ,5710447
Movies,61141-1193,5/6/2019,361,$6.95 ,7272869
Industrial,30246-9025,10/24/2019,82,$6.08 ,9249770
Tools,28743-3575,3/19/2020,114,$6.66 ,9154998
Jewelery,07555-2616,1/7/2020,232,$2.66 ,6165861
Baby,76245-9050,1/7/2020,373,$1.00 ,5190259
Computers,41967-5464,9/2/2019,401,$0.40 ,8993243
Clothing,21018-4243,12/6/2019,90,$2.69 ,5441615
Grocery,39453-5267,7/10/2019,159,$3.31 ,2086694
Games,85612-5285,10/27/2019,126,$1.24 ,6317883
Shoes,93977-0382,7/5/2019,285,$3.87 ,7102813
Books,50674-3884,11/7/2019,328,$1.21 ,3760251
Health,47310-9054,5/28/2019,170,$9.30 ,8372574
Beauty,42616-5874,7/21/2019,281,$0.37 ,8184695
Sports,20055-0375,10/2/2019,367,$5.57 ,7226651
Movies,91234-6966,9/11/2019,265,$1.65 ,4549167
Movies,21272-7878,7/12/2019,305,$1.50 ,6908080
Industrial,42525-0136,6/19/2019,246,$4.32 ,4471299
Tools,00153-2733,12/19/2019,44,$4.42 ,8747918
Grocery,06134-6752,8/21/2019,491,$5.26 ,6909819
Outdoors,31841-8343,6/18/2019,462,$1.59 ,4377136
Clothing,70983-9045,9/11/2019,344,$5.65 ,4268188
Baby,66663-5722,4/26/2019,42,$8.95 ,4147442
Sports,91477-5534,10/22/2019,408,$2.08 ,8846648
Games,36843-6550,7/20/2019,236,$5.28 ,8970681
Toys,20587-6158,10/2/2019,89,$0.14 ,8867540
Beauty,81960-4484,9/26/2019,311,$4.16 ,6098338
Shoes,90623-5514,1/23/2020,51,$8.17 ,914431
Movies,06180-0312,3/3/2020,132,$1.85 ,5275722
Baby,55049-3324,8/12/2019,228,$7.89 ,9523016
Computers,54936-4163,6/10/2019,72,$9.77 ,7259759
Jewelery,93851-3145,7/22/2019,230,$4.83 ,4963284
Health,21836-7819,4/5/2020,293,$7.36 ,536479
Kids,64175-9594,10/4/2019,19,$8.19 ,1412821
Computers,86713-8594,1/2/2020,443,$6.03 ,4872088
Kids,79257-3149,6/18/2019,370,$2.27 ,769769
Beauty,74884-9872,2/15/2020,236,$4.62 ,2823144
Shoes,09290-6802,3/28/2020,207,$2.54 ,7303524
Clothing,44692-6510,1/26/2020,208,$9.75 ,4438924
Toys,80521-0762,1/16/2020,67,$4.34 ,7969894
Movies,53276-4027,7/21/2019,184,$3.06 ,8986042
Games,26619-0968,12/22/2019,182,$7.79 ,2034074
Music,23884-9505,11/2/2019,5,$2.45 ,7747372
Music,52098-0781,4/12/2020,386,$8.04 ,7719152
Jewelery,07391-0902,6/27/2019,444,$3.62 ,7034276
Music,84775-5187,8/22/2019,476,$5.62 ,2079641
Games,37081-6306,4/11/2020,80,$5.89 ,9409415
Clothing,96912-0646,6/26/2019,309,$6.14 ,2847419
Tools,72072-1222,4/30/2019,273,$4.09 ,9020621
Jewelery,88381-3725,4/5/2020,53,$6.13 ,5791981
Movies,45598-4743,4/13/2020,202,$9.48 ,5357104
Movies,22930-7886,11/14/2019,141,$0.59 ,2577016
Computers,07036-1945,12/16/2019,110,$7.59 ,7174346
Garden,69796-0109,7/15/2019,212,$1.61 ,5428386
Shoes,36371-1895,1/5/2020,118,$2.12 ,7283528
Music,14591-1551,9/23/2019,485,$0.58 ,1451211
Garden,98487-6881,5/25/2019,85,$2.07 ,9157084
Industrial,23108-7282,8/24/2019,353,$5.99 ,4137333
Toys,53758-3578,3/30/2020,332,$7.63 ,6151711
Movies,60404-6700,1/16/2020,319,$2.71 ,9847866
Beauty,45602-4045,8/6/2019,260,$2.73 ,9118804
Automotive,73623-9286,9/23/2019,414,$5.58 ,9879397
Industrial,38240-3799,3/7/2020,268,$9.09 ,5557854
Kids,33223-2085,12/8/2019,249,$0.58 ,2011245
Sports,40068-6242,5/20/2019,113,$8.19 ,6745482
Music,12806-6700,12/8/2019,485,$9.03 ,4171012
Toys,68728-9416,6/17/2019,361,$6.21 ,6317280
Grocery,60803-3358,7/1/2019,204,$7.51 ,1538274
Movies,97329-4375,4/5/2020,96,$1.60 ,9618425
Health,19678-8391,12/11/2019,460,$8.41 ,9198868
Grocery,09667-5681,12/30/2019,442,$9.27 ,9573234
Shoes,05165-1629,6/2/2019,190,$4.90 ,5261109
Sports,47804-0109,1/17/2020,66,$5.12 ,7316740
Tools,40335-5861,6/20/2019,221,$6.71 ,1908899
Tools,60880-4145,6/11/2019,388,$0.96 ,4322754
Shoes,65925-7687,12/10/2019,298,$7.94 ,1425297
Movies,96944-2850,7/24/2019,17,$4.13 ,547905
Garden,45138-6743,4/19/2020,102,$5.48 ,6815573
Sports,59457-1064,12/27/2019,304,$3.77 ,1339527
Garden,40586-2298,11/5/2019,154,$5.58 ,2522386
Health,42640-2277,10/21/2019,194,$7.46 ,5976972
Jewelery,74098-6735,12/21/2019,317,$1.32 ,2643618
Home,11105-4327,5/15/2019,310,$6.03 ,5164946
Grocery,06057-5906,9/8/2019,373,$9.81 ,5966821
Automotive,60420-6054,9/22/2019,146,$2.15 ,3581864
Toys,03544-3376,3/10/2020,35,$9.64 ,3209356
Kids,47861-0148,5/21/2019,267,$0.24 ,5359029
Garden,62911-8043,7/2/2019,484,$4.94 ,4656272
Books,58862-6422,3/10/2020,459,$1.39 ,7360464
Books,71148-3529,9/9/2019,465,$5.94 ,9847087
Grocery,15073-6772,6/3/2019,449,$4.40 ,8685660
Home,84301-6392,8/5/2019,141,$1.74 ,6587035
Movies,80259-4234,1/5/2020,480,$2.10 ,8659638
Garden,23875-7907,8/15/2019,418,$9.33 ,834037
Beauty,36558-8743,10/21/2019,349,$3.10 ,934412
Clothing,18261-4973,12/2/2019,417,$2.13 ,6534400
Automotive,57835-4174,10/13/2019,107,$2.25 ,109814
Music,11450-2105,7/10/2019,3,$1.58 ,2766141
Tools,49335-4668,3/8/2020,322,$1.26 ,7218480
Clothing,90341-2777,7/17/2019,428,$7.92 ,7433380
Computers,99842-8424,9/16/2019,335,$8.29 ,2012889
Music,54905-6800,11/29/2019,118,$8.02 ,6433507
Computers,18992-1833,8/8/2019,253,$8.38 ,3849110
Garden,88968-8601,11/29/2019,372,$0.49 ,2661767
Computers,83201-1776,12/13/2019,340,$4.14 ,2427451
Baby,52233-3588,9/12/2019,370,$6.68 ,172911
Jewelery,15821-3196,2/22/2020,7,$7.89 ,8320002
Beauty,90122-1523,8/28/2019,233,$5.16 ,1945788
Books,91152-6915,10/7/2019,499,$4.31 ,4883179
Baby,97862-5244,2/17/2020,487,$6.79 ,2536841
Health,71338-0230,12/5/2019,455,$7.94 ,6262372
Tools,87035-9547,1/29/2020,410,$1.94 ,6711337
Books,93641-7395,12/23/2019,444,$3.45 ,4145161
Automotive,08749-7717,1/23/2020,371,$4.87 ,1341175
Tools,33441-4610,4/9/2020,48,$9.09 ,9615521
Sports,60640-2024,9/15/2019,321,$3.87 ,3688463
Music,20620-7469,8/15/2019,32,$0.76 ,9315985
Clothing,87424-2876,9/19/2019,459,$6.70 ,812867
Grocery,06893-3376,4/15/2020,223,$1.19 ,591791
Music,93527-3215,5/18/2019,59,$3.73 ,826774
Sports,80125-3933,6/17/2019,105,$7.32 ,663345
Grocery,68993-7496,7/2/2019,371,$2.73 ,3910612
Outdoors,92443-0921,10/7/2019,497,$6.83 ,3053636
Health,43558-5984,7/8/2019,422,$3.88 ,5100818
Games,82413-0339,1/7/2020,232,$9.01 ,7044110
Health,53678-4645,3/29/2020,268,$5.93 ,8246675
Computers,98866-0562,11/4/2019,88,$9.20 ,4597704
Movies,57914-0877,10/9/2019,393,$6.14 ,5822205
Clothing,13334-7228,3/27/2020,311,$2.04 ,9130038
Automotive,43382-6396,5/31/2019,81,$0.88 ,349223
Jewelery,12716-3039,2/18/2020,366,$8.96 ,3858700
Sports,23612-7666,10/17/2019,266,$3.85 ,9241388
Kids,50155-9189,3/7/2020,427,$1.04 ,9835289
Industrial,24283-0607,6/30/2019,444,$6.93 ,8905686
Shoes,02412-7988,11/14/2019,319,$2.36 ,4004122
Home,47854-1883,10/19/2019,445,$2.07 ,2307237
Automotive,54497-5033,2/28/2020,389,$7.48 ,8542302
Sports,07007-2163,6/24/2019,399,$7.49 ,2921167
Baby,67249-6651,12/27/2019,153,$8.24 ,2627942
Games,33004-4080,11/29/2019,322,$0.95 ,6084864
Garden,22123-2186,5/13/2019,74,$2.94 ,846923
Shoes,73138-8390,3/28/2020,483,$0.71 ,2759265
Toys,22003-7951,12/31/2019,464,$8.42 ,2182087
Kids,06054-9658,8/25/2019,27,$4.66 ,9751847
Games,32382-0001,8/4/2019,274,$3.58 ,6735078
Sports,94623-3414,3/11/2020,172,$6.75 ,3442882
Tools,43923-8194,8/17/2019,183,$2.88 ,1577290
Toys,47191-7291,12/15/2019,261,$3.30 ,5714867
Baby,42775-6233,7/7/2019,110,$1.97 ,6837839
Jewelery,42513-5613,7/25/2019,419,$5.78 ,8274139
Jewelery,06629-1680,10/23/2019,316,$5.62 ,7439077
Shoes,55407-4464,1/22/2020,79,$8.60 ,554465
Books,24896-8865,11/30/2019,499,$5.29 ,1983420
Toys,09362-0638,7/31/2019,203,$6.94 ,936209
Automotive,43890-6098,12/1/2019,92,$7.20 ,637199
Automotive,39984-3119,6/8/2019,500,$4.19 ,8834972
Grocery,92439-0020,11/30/2019,447,$5.38 ,9892081
Games,08409-1748,7/1/2019,345,$0.09 ,1610920
Clothing,85066-3361,6/24/2019,488,$8.71 ,4760692
Computers,62847-3136,9/11/2019,93,$2.68 ,6819470
Tools,33284-9678,8/2/2019,123,$8.16 ,5513862
Health,26284-9900,11/20/2019,426,$8.77 ,109114
Baby,01162-4074,3/3/2020,252,$5.10 ,8563748
Electronics,98996-4663,4/3/2020,470,$1.45 ,1437285
Kids,90219-9631,1/18/2020,151,$6.73 ,755118
Industrial,50519-7344,1/30/2020,165,$2.19 ,6040993
Electronics,02668-6619,7/28/2019,425,$4.61 ,636901
Computers,57072-1904,7/11/2019,272,$0.09 ,4131547
Garden,71572-1802,8/15/2019,154,$6.90 ,8095656
Jewelery,18419-7255,12/29/2019,147,$5.65 ,7722695
Health,92345-7327,10/17/2019,483,$6.30 ,4279704
Kids,38876-1069,4/20/2020,174,$6.20 ,5690371
Shoes,33009-6961,9/3/2019,273,$0.86 ,6511209
Grocery,26899-6179,5/25/2019,68,$2.36 ,7246170
Beauty,24222-7670,5/24/2019,271,$1.01 ,8573644
Toys,27157-5339,2/18/2020,452,$7.05 ,5243536
Games,05276-8838,9/13/2019,112,$8.59 ,6703923
Shoes,92697-0717,9/25/2019,378,$1.23 ,116336
Grocery,70885-2384,1/1/2020,134,$6.91 ,4028101
Books,66442-2109,8/7/2019,422,$1.35 ,7540289
Home,96383-8668,6/17/2019,453,$5.80 ,1413541
Toys,87607-4163,3/25/2020,201,$3.81 ,7208483
Games,50118-4973,12/15/2019,416,$2.90 ,4411061
Sports,51337-3027,5/4/2019,334,$1.36 ,7256673
Toys,19863-7421,1/21/2020,144,$8.96 ,6566386
Kids,27701-4635,4/10/2020,138,$2.38 ,8070206
Electronics,93457-3312,9/30/2019,169,$0.45 ,9266988
Outdoors,96171-1889,12/17/2019,463,$9.26 ,4527269
Electronics,48673-5958,6/12/2019,314,$0.14 ,8431242
Music,53478-1426,2/11/2020,12,$3.27 ,3875858
Grocery,21565-1508,1/24/2020,317,$3.02 ,3845541
Health,61869-9197,11/14/2019,415,$6.83 ,9017596
Tools,39381-1899,7/9/2019,437,$3.37 ,5036324
Electronics,54622-0307,7/4/2019,62,$4.18 ,5585274
Clothing,56260-1041,7/8/2019,33,$8.04 ,3378997
Grocery,24032-7218,6/30/2019,335,$8.78 ,9582997
Toys,26603-0685,5/17/2019,125,$4.05 ,5208169
Movies,04725-4266,1/22/2020,458,$4.88 ,6043885
Baby,51114-0353,5/3/2019,6,$9.66 ,4970693
Kids,40576-7833,9/24/2019,253,$2.43 ,8673867
Home,74135-3837,5/18/2019,69,$9.36 ,7590362
Outdoors,94439-9758,4/16/2020,11,$3.57 ,4698866
Computers,32440-7481,4/5/2020,194,$9.71 ,6791634
Automotive,37268-4790,10/24/2019,61,$1.42 ,4315044
Jewelery,27026-1345,3/16/2020,174,$1.00 ,5689574
Health,05281-7806,3/11/2020,64,$3.46 ,7598442
Baby,94240-1476,10/5/2019,69,$5.04 ,1551493
Automotive,93804-0868,1/11/2020,230,$1.92 ,3087087
Home,45802-8116,3/27/2020,365,$8.57 ,5691497
Baby,93242-5614,9/3/2019,281,$6.15 ,8127002
Electronics,98586-1693,10/20/2019,470,$0.46 ,1485016
Sports,97928-2066,9/25/2019,75,$2.38 ,1794159
Health,49693-5217,10/2/2019,210,$9.17 ,3402749
