LocationID,WarehouseID 
2-Q741,FKB-968387
7-Z521,GOP-083428
1-C565,TZJ-515420
0-S396,URT-554067
3-K615,RWQ-523458
9-D144,CYK-857033
1-Z771,DLP-071816
2-B632,IRL-915061
9-I017,KAF-272901
3-E773,FHT-147068
2-U533,UHZ-918769
3-S479,SOE-847338
2-V995,HUN-284036
8-C996,JRF-393804
8-L327,ABD-360111
7-Q347,QFF-228168
9-Y558,DDG-807236
1-A488,LQG-157889
3-J535,DXK-745535
8-S198,EIH-062686
3-O865,IRX-784657
8-W565,HAZ-052317
6-X219,WKW-762773
4-L319,NPK-182571
0-Y830,EXH-865019
3-U271,WNB-568208
6-O563,FOE-795865
4-E532,PGF-049895
2-H750,SAL-158558
6-N060,EOT-980239
5-T519,SXM-315709
7-Y709,SOL-166287
2-P703,CHX-733845
2-J620,EQQ-006177
5-I520,GHL-344244
9-K871,WFH-975961
1-I114,UJT-085255
2-H179,ZGW-157661
7-H656,FES-024134
0-O181,KSI-131772
6-U771,RWD-154122
3-L159,MWB-360341
7-Y680,FEG-558297
8-Y392,EHT-704031
7-L444,CFU-882052
7-R360,EVK-112766
6-I990,HWW-993574
8-H825,ELU-678021
9-N544,HWJ-567976
4-E867,FZW-017433
2-U433,MUR-892029
4-F287,GEB-791971
2-B872,PSE-918981
4-Y994,HXC-045510
6-R951,LLK-352975
8-W973,ZRI-047736
7-V423,UGV-058141
5-D969,GZR-070572
8-M204,CTF-306296
4-B092,YKJ-575865
5-D973,GQY-360817
4-E166,ZSM-615748
0-W700,IVU-542150
3-F781,PCU-247519
4-L297,NJJ-162912
1-Q062,MKF-033184
1-N886,NWE-123928
0-M823,VLA-160422
7-L241,BNU-847683
7-K819,ERM-971939
4-Q096,KBV-095308
0-K873,DSX-560445
2-C876,DSX-592879
0-A804,XQS-634877
1-T252,VMU-506227
4-H151,JJU-894590
3-W823,RSA-523549
5-E195,RBD-156766
7-F760,CGL-628100
9-U239,GSA-198029
1-U988,RVC-884323
8-H907,LQV-697188
5-B531,SVJ-041241
9-L722,QZE-036913
0-Q843,MVZ-788747
4-J724,BEY-039448
0-V734,KAJ-518038
3-C895,EBA-028464
5-M317,ZFQ-333129
9-P948,CNF-594891
1-F808,BOH-125522
3-S153,BXW-525866
8-R065,SQM-777073
8-J585,MCM-723823
8-H417,NFK-617308
6-A170,IRE-124984
4-H474,CTR-677071
3-K188,FQE-640532
5-V087,YZN-919162
9-K808,PVP-599138
4-T879,ZYC-293325
9-R315,UIO-546176
4-G964,VFL-898648
8-K373,KYA-441709
8-Y954,ODZ-496110
6-A607,JAE-956022
2-Y810,RKQ-957327
0-J641,IYX-170165
7-U973,OGS-326252
5-S090,CPP-965039
0-Y775,IFV-048841
0-I203,KJU-289192
1-E874,TQJ-023448
6-J239,SKG-405454
4-C483,WVC-093217
7-T552,CND-782123
5-B123,QEQ-880000
6-S203,FRR-609587
5-Y148,MHS-682349
9-D206,KVT-750956
5-A474,MDO-914194
9-L943,KAD-222425
5-R369,WPD-606313
1-A547,XIZ-541437
2-O656,ZOV-257744
3-R172,SUB-405015
8-K167,YRA-645054
5-W444,KSO-988812
8-T295,MAC-441902
5-G085,XBL-469794
6-Y836,KBY-972887
8-Z215,GUM-410607
8-Q127,TWQ-331268
1-N301,EIB-970209
8-O287,JLF-734636
3-F368,KLT-732968
8-P506,QTA-703735
7-A225,LFG-747493
5-T354,TBX-671493
6-W359,IDO-788260
4-P783,GEB-191813
8-N900,BIG-902992
3-L697,HFB-954650
9-Y783,TVH-343201
9-A560,YSQ-938147
1-J066,IDN-613698
7-Z387,HFK-766467
6-T789,BOM-197779
3-P409,LMQ-421131
8-O379,PCQ-384121
9-S460,JOS-692892
1-C666,ZVQ-484159
6-E396,YFK-363456
2-P840,UKQ-754743
9-E082,NYP-323557
2-B428,FKG-679831
3-H605,LYW-486153
4-I861,FIB-259375
4-Y867,VWE-407770
6-N410,BAV-691283
2-Q346,MQC-374715
7-Q457,PNZ-262498
4-H558,XJL-981584
2-C930,OYI-615951
4-Q992,TQR-370955
3-M003,KKF-476600
8-Z347,MTP-294619
7-K629,GEL-526564
7-O763,WPZ-207752
2-H516,SDJ-152263
8-X432,YHB-843775
2-V070,DEE-009715
6-F511,LLG-043087
1-B388,FUJ-510163
6-O662,NHU-038253
6-T344,GER-506438
3-I614,XEK-084617
3-H086,IOQ-723060
3-H707,CGQ-283803
5-F671,GKF-406929
5-D280,NTY-933185
8-K706,TLF-942611
7-N836,HCB-531826
4-B405,WSC-218998
0-E398,JMT-180882
6-B360,JJC-933775
1-K039,WPC-569348
7-P978,ESD-324121
4-H284,HWZ-968880
8-D148,WEF-670499
5-O886,PDX-868643
7-X509,UGU-314015
4-D898,PIF-682280
3-R626,PEI-478821
1-D741,UNQ-779868
3-B056,YLI-920186
0-B969,YJA-393358
7-N752,MCS-038636
7-N201,DRM-367235
6-F765,WMI-281937
4-I776,HUE-036862
2-K113,XPG-455465
1-W313,VZW-513495
2-E545,JZP-789902
6-I223,XMN-433854
2-J276,QPM-734096
9-C828,AYY-453627
9-T783,TFA-092124
3-N392,DXE-387336
7-V458,XBA-539073
0-G903,ZAI-959597
5-B405,GNB-593147
4-C613,VWQ-492815
1-B295,TNJ-659148
3-P750,HMC-548680
3-Z992,SIK-229798
8-W022,DWL-355459
2-P470,ZTX-812964
9-I859,VJY-351938
5-A459,JCE-357833
6-E156,DPL-320099
1-V902,XKN-344162
5-Q552,ANC-871678
0-M158,HMD-717202
5-Z360,DWQ-641144
8-G569,CGB-362682
7-N590,JEQ-838488
2-R770,MUZ-819673
7-H800,REX-959496
2-I793,AQR-803015
0-I960,EMH-923382
4-D009,FFH-945541
9-B678,JZB-275229
5-Z248,HJR-193882
1-B666,QBH-333314
1-V984,DDR-642613
6-G781,EDJ-876987
0-M682,WIP-099033
4-L191,AHJ-384955
5-S435,LDO-036098
0-V744,RRO-324694
6-V151,DYY-743838
4-C257,DCW-552725
5-G685,LGG-357488
6-N843,YPY-608859
4-R465,XQA-803276
8-J804,RIF-781583
8-R579,MZO-615522
0-E356,VZM-529386
5-Z750,RAL-486188
0-E999,MIZ-859177
8-P734,XFT-522357
4-W643,HDZ-089190
9-F804,FJP-659565
1-P762,KJP-353428
8-V154,ZQW-035328
2-U724,LZO-585125
0-J725,AZF-602396
3-J952,ZGK-775679
6-L242,UJR-512224
1-F814,JIG-896165
9-V246,SYJ-085792
5-Q441,UKZ-847017
5-K023,LEH-432496
7-V525,NBM-964637
2-O670,YYX-846702
0-D227,UXU-056429
1-L047,NJN-419206
8-R685,PPY-782661
0-J575,ART-147037
3-Q923,JQY-827843
2-T446,XFT-248913
7-O547,AKX-833473
7-P251,XPO-459996
9-Z294,XUQ-426464
6-F470,UNX-138483
6-O589,RTM-908996
8-G095,SBH-068947
1-T118,DXE-607997
4-H320,URI-610564
1-Q826,JRH-500248
4-B533,SWS-526861
4-V187,HGM-857327
9-S740,MWV-656352
8-H329,BSV-162438
9-T382,SEG-920229
5-R536,QWF-754047
8-X171,HRP-973412
6-R611,EDE-538950
0-K479,NMZ-477693
5-K950,IDX-608244
9-J300,JEV-727265
4-L384,SZD-077797
7-N902,RYF-098573
5-I083,VSO-638688
1-G655,AJC-301309
8-O735,KOX-190883
1-A834,DBU-714529
7-H265,GGX-828213
1-Y649,TOM-124294
9-M387,HID-975829
0-H339,RTN-048141
5-X117,FSY-283551
7-S374,VVN-667349
2-B451,UWA-382590
7-J180,FDZ-661023
1-H902,BYA-611714
1-Q167,JTV-900642
7-O613,HMM-043658
3-M912,DDF-156703
5-Z118,USJ-997045
8-E974,YTI-044509
7-D260,RZK-375476
9-N000,MGE-516476
7-D136,HUV-515267
7-S718,UTV-035736
7-H351,FXN-509530
8-Z440,BQQ-615879
5-I947,UCQ-835322
9-H305,UOV-458143
4-P081,FFI-760440
0-U556,QIP-092754
6-S151,DWV-223167
1-F835,DUH-863121
6-D054,YJN-197395
1-J222,SHO-274989
3-S843,VMY-779574
6-Y962,ZWK-412794
9-O287,URQ-432538
3-N348,QNA-838689
5-Z368,EDB-549185
8-E596,JME-664751
9-V962,RFB-314812
7-X837,HNF-822665
7-A045,QZY-047010
1-M406,ITC-804837
5-V461,CEN-102493
6-J413,SRR-275395
6-N687,FMW-696181
8-C221,DQV-923262
4-H241,VQV-795145
0-W734,GTZ-575391
4-G394,KMZ-858994
6-V169,VRA-713282
5-H475,VGM-331615
4-H869,NYR-627881
4-F081,ERQ-212995
5-A274,KEJ-780077
0-B306,QOP-905474
2-N678,ECI-667088
0-P013,MMC-642176
3-F533,MZF-862414
4-R774,LXN-949501
3-J667,HOQ-834769
1-V191,AMO-734113
9-V045,ASO-521961
0-B732,XDH-152848
2-O180,ELN-197547
5-A846,YZH-952164
2-X784,MBP-578289
7-Z669,ZTK-396504
7-D565,TVG-355408
8-V991,NFQ-088885
4-D082,ALC-151528
5-X877,LCZ-858694
0-J702,XFP-666775
9-W752,UMZ-758652
4-E455,VWG-708098
6-S834,MHP-660130
0-A998,NOO-852753
6-K392,CSF-354166
2-X511,JKP-843224
0-H844,ODN-729081
9-C733,NMP-945752
1-K263,KYA-459570
0-R787,FBB-395872
0-I171,BWL-036424
0-M094,STB-718889
3-A726,FOY-976024
9-O112,FMD-571531
9-X165,HRU-119491
3-M370,ZZB-264318
7-K062,FOT-162802
4-M432,XXA-010053
3-H351,XIM-647551
8-R808,QFZ-955991
3-G219,WNP-608035
2-O785,GCC-595001
3-M590,CTV-310229
4-P420,HGB-123585
2-N635,XPH-996889
1-E988,NYA-413640
2-D978,OKT-256259
6-U881,ENZ-556165
0-J714,YNQ-830747
3-S773,QLL-788185
5-H563,BRS-358307
7-S577,HUQ-767084
4-A036,AIV-467260
8-Z957,DWB-505713
7-L717,DGU-545258
3-R322,ULD-328176
7-I383,ZQD-856633
7-E365,GCV-193378
8-U781,BKD-057823
2-W093,IDS-784854
5-N489,SYL-539861
5-Q716,JBS-479275
0-O399,VOB-176862
7-E754,RZN-882602
6-I786,MZX-148702
8-E707,TGD-386596
6-Y606,DNY-480057
8-W220,PGU-941467
7-N368,IOD-693347
7-O193,AZT-532796
5-B900,LRG-673120
9-B618,OOY-900069
7-X417,HPZ-386891
4-Z421,EDY-832300
3-P039,WDU-077532
4-Z107,CUD-567805
1-L676,EFN-474823
6-F715,QSP-027856
5-B026,HJZ-405843
3-L465,TZU-739717
9-P237,SOU-065407
9-I092,MAK-827098
8-D413,FWX-363876
8-U198,DRS-765221
7-P396,PJD-274906
5-G991,SZO-951740
2-D013,EVP-115164
4-Y822,PYL-762559
4-A531,TQF-536969
8-Q008,MEC-758667
3-N897,FKF-675178
7-E787,EEF-870327
0-B065,HEY-424541
0-R766,ZOS-512297
1-H406,ZEL-355079
5-N487,IEN-098661
5-J469,NAQ-280873
6-L574,DBP-192205
9-J209,AJR-158523
4-X232,CPG-759452
3-I563,PWN-357518
7-R381,BAU-201195
7-W369,TNI-751596
0-A948,VCA-007092
1-T237,GPU-192763
4-H829,WZW-889104
2-T664,OLY-165352
6-M102,QTC-479219
1-N792,UGZ-198164
2-D264,SUI-073290
1-G734,JPJ-860430
3-P179,XLL-098733
2-I762,KGY-362117
5-L151,NVY-781703
2-S478,NEA-936567
7-N154,PAQ-587378
2-O525,INA-201714
8-H242,SZB-522558
4-O626,XQV-978783
7-F114,JKX-013351
8-R562,XYU-144031
9-V619,IXR-713422
2-Q433,MNI-643429
2-M246,UCW-208582
4-T327,GRM-954307
4-Y568,JNW-262359
9-E352,MXG-778416
8-E912,RZR-005095
0-F666,NAK-576201
5-Y843,WDN-452465
4-V234,STM-924598
0-J816,GNV-205784
7-O014,AWJ-432024
2-L939,NPB-373867
2-N618,XKV-201324
3-Q278,OHR-850763
7-G581,BMK-594807
6-W459,CBT-791148
4-U112,DEU-388219
9-R665,AXA-641483
7-X950,YFJ-730413
2-K868,TNX-737857
5-H245,CKV-160895
6-Y949,ZRW-012461
0-I030,MMY-392023
9-N145,JXP-341162
1-B434,VRN-869413
0-T560,YMH-827888
5-Q031,EYX-370005
4-O619,KUN-391215
0-V303,DXD-988198
7-Q119,KPJ-513217
5-O401,KBT-158667
4-T864,EUA-742878
6-P985,FHN-801263
0-T437,TID-416325
3-G877,LYL-531893
5-O162,IWV-477591
4-V887,MFY-450343
1-C991,VCW-736547
8-J580,TIT-783393
8-M505,ZAR-453525
8-L051,QES-836286
0-J678,AWG-877866
2-Z644,RPT-287194
9-Z822,JTY-311235
4-P156,JAM-586506
9-K734,YCM-759439
2-W282,LYU-702796
1-D117,RVG-743803
2-K914,MMG-870191
4-G905,YVG-577532
5-D450,PML-831752
6-S075,LUH-855452
9-H099,NOS-157541
7-N451,LBP-456599
0-V414,QGZ-357415
6-B483,YVM-401777
2-Q358,MPX-587973
2-P636,QGP-071913
7-Q435,ZZG-092960
2-H872,MJI-607973
8-L014,ZAJ-403420
2-V164,POW-021023
0-T640,NZI-911395
5-W696,PZA-239239
5-F563,URD-934437
2-Y837,KUV-098644
7-K166,ZUE-028042
7-J130,XLQ-056507
7-J560,EXG-209268
4-Y461,PVA-610641
6-T552,YYO-920434
8-H457,ZUY-751009
5-E046,YIB-881140
0-X856,MRN-668789
2-G210,AAG-045233
6-K812,JDG-675140
7-R828,FBA-537152
0-J957,CPX-122971
4-X124,XWS-137640
7-E757,XBA-675020
9-V999,XEB-599523
2-E288,GFP-028065
4-V564,ZNH-017475
8-F744,TIL-812275
6-S650,XFN-986678
4-Z431,VAP-969639
4-I444,SUR-843771
6-Q053,AEA-221728
0-P313,DTU-774339
4-U937,GOC-745620
9-Q866,UTM-269701
0-B304,ULZ-185439
2-X966,BYH-372248
2-R084,IUQ-575967
8-G320,HOY-082124
8-K568,WKA-531476
8-T684,GYQ-396491
1-O584,KPA-076497
7-U548,MMI-527735
6-K032,BYZ-343292
9-M980,BDF-768483
6-T044,NUT-272725
5-R793,PKH-436852
4-F580,JPT-520187
1-K306,BEB-365880
8-B198,WVQ-849338
5-U665,EXC-285280
6-B115,VNF-990592
2-S997,CXG-087670
4-X213,NEG-704201
7-B110,KHP-959089
6-L042,WSJ-190589
7-M114,GQW-918558
7-L947,QZE-370586
1-Z272,QPF-451240
8-W093,NAV-650566
7-P058,PDQ-011205
3-H224,ETS-434588
5-B829,MCV-441119
9-D583,ZYF-033680
6-B750,KSE-285342
7-R917,TRO-147922
9-P565,LKR-002911
1-O895,MFI-688449
0-W730,ACC-406337
8-I615,SPG-918074
5-B533,IRS-199679
2-J805,AYW-529662
9-T549,HFP-848874
8-N843,NIF-019516
4-M531,NHC-330429
5-N211,GTF-510933
4-F246,DPG-259949
0-Q374,YHK-377443
2-M929,BEV-863262
0-W671,DOU-713526
5-S017,RLR-653803
6-A105,TVB-253220
7-L165,AZW-783173
6-V468,GXA-862638
8-J042,ZTH-121081
5-X065,CDR-107094
8-O662,HOR-295268
0-Q652,KYF-277841
2-L868,LFT-163745
4-D565,JRO-568783
2-N792,GHC-508910
2-O474,LQM-812952
1-W894,ITK-606939
4-K052,ORQ-204787
8-W906,VQL-255337
9-V844,EGN-187045
2-J486,BIW-145301
7-Q254,IUY-834680
5-T209,YUG-578136
6-I535,MZN-561554
2-G555,BRD-714386
6-U777,CNK-541941
7-G078,LPJ-154482
1-U685,RZY-681428
5-S093,SNF-461770
7-E864,YWJ-660634
5-N687,WHP-416598
0-A849,MMP-909850
6-Q877,XGG-534764
8-S183,YOE-525482
5-S044,JTS-341477
5-V113,NEY-696143
2-E051,MBW-720552
2-W962,YMW-592195
4-Z271,IFG-237761
0-B984,KGW-051272
6-M197,FZW-476456
2-E610,XAD-676073
1-L056,DVE-643509
4-D142,HAP-483655
3-L598,LUU-732784
8-B226,TNX-401103
2-E568,LTP-315329
5-T564,LEO-852054
4-A456,UPD-957283
3-G774,IPG-657612
7-C063,BCW-326993
6-P447,MJU-089255
6-C127,ZGJ-214389
8-F334,UHW-388618
3-T009,GCS-705295
7-K891,QZA-740156
1-E439,HOF-687477
6-R053,SHF-987717
7-Y170,MZV-269758
9-E093,RZB-698808
6-Z109,WBZ-419149
8-J670,STT-960198
8-B555,DTI-826903
6-M380,LEZ-877641
9-J468,MFA-182160
3-Q775,VUY-030850
1-J144,HDK-102103
1-F754,TPZ-715237
6-D461,DXL-090586
6-X909,FHJ-496180
2-F748,WMP-544018
1-Z737,EHW-789229
1-L780,OTF-100874
7-P042,OJF-917890
1-D119,EXD-616139
2-F935,QBO-739459
7-V722,GRD-213827
4-F781,NSG-150120
3-P093,DDV-209265
2-R732,BUR-120479
8-L501,WQU-147958
2-H748,QGR-575723
6-H449,QRH-026349
1-U713,TQV-997343
6-N051,NWI-624140
8-O616,LYV-710122
7-Y636,BOU-376364
9-Y961,JVS-104927
7-P483,KGL-658726
6-P435,RCJ-073474
0-C668,WBO-897911
4-J581,OPN-512783
7-W540,RVS-652973
9-F799,YZT-312029
4-W701,NLA-435546
8-K492,IHT-887014
6-Q722,ZFM-538527
0-S157,EAV-637343
2-J105,GNB-760812
4-Q933,FHQ-848866
7-M429,TCN-989300
0-E604,LKK-430698
7-X467,DLU-663275
3-W115,TRO-554776
4-J326,AUB-507784
4-T681,NNF-311358
3-N375,EPV-299140
6-J561,CMJ-160864
0-V443,NDU-092318
7-J345,RTA-314496
9-H855,XIT-618244
7-R951,KMH-073819
3-C527,GIA-665832
8-N878,EWN-590365
5-R463,KPE-911524
2-M838,CXI-594700
8-H365,FCR-078233
3-E931,HRB-887639
1-L334,FZX-809114
1-B941,NWD-353905
9-F891,VXZ-636171
5-P164,MDL-196358
2-Q064,ERQ-427175
3-M224,BUW-960691
3-I568,WBE-738444
9-O191,CVG-743633
4-P730,WZT-512384
4-L252,BAU-109573
1-S513,NHQ-076405
7-F213,WYU-764865
9-B778,VSP-770008
6-N674,QHE-035146
0-G903,MIJ-078399
5-G969,FEX-888517
8-B974,ADD-770070
6-C838,ERV-459813
9-V504,HXB-386529
3-Y829,KKK-030957
4-E627,LBP-694165
7-D895,FYY-302228
6-R993,JCM-827291
5-H863,OLI-169238
0-J785,DHJ-748374
8-W069,UUD-811126
0-B701,YHA-097468
9-T813,BMR-757788
7-U534,QBU-367385
0-F388,MKG-417241
3-N619,RTX-938958
7-N178,LXV-965146
4-Q490,SCR-039555
3-B725,XHJ-047525
0-S536,ISQ-002349
7-F782,KFQ-085946
8-W191,GZI-216294
6-M343,XXG-965876
5-Q469,ITX-681744
7-L042,NRA-507209
6-L087,RKT-746850
1-J258,IVT-228844
6-S241,YVV-101609
2-E137,TDC-623234
9-T140,KUL-957106
0-W237,PAO-368944
4-L217,DFA-446452
4-E400,IIN-706299
6-T599,HNP-089984
8-K273,VHA-548176
4-D811,QKD-547970
1-B049,ZHY-777269
7-Q161,QPC-793072
9-X664,SOX-363037
0-M011,PYF-534550
6-H515,XWI-814319
2-N170,CJP-112494
6-S517,NLH-764646
8-G177,SDE-259634
6-K178,PVB-887047
5-P783,CTR-437901
7-I043,QOG-997671
0-W164,HFG-117482
8-F668,JDW-703937
7-X893,DNS-721913
0-M496,YZR-015871
9-J535,ZRK-334975
6-K136,HHQ-629048
1-J972,DLA-657420
4-V359,CIZ-999528
5-T270,IVU-260101
4-Y586,LFZ-632606
3-X191,SYE-964277
6-D518,FZX-755507
7-P069,DZH-785746
8-J877,LMV-826926
2-Z097,TVC-549187
8-Z664,EWZ-950061
1-S050,UMA-781502
4-Y640,DHD-924028
9-B106,JNJ-754058
7-G135,CPY-921639
8-K805,LGH-329289
1-M992,BOG-079828
4-Z071,HRX-235429
8-V792,FDJ-053283
9-I380,KXH-386988
9-S361,UBW-032388
0-F735,DOS-413354
9-M297,NVG-255625
5-C532,LXM-417992
3-L969,VVK-225310
6-B678,PLK-151750
5-K653,QSP-118159
7-Q957,UFC-358029
8-K490,LLJ-788648
4-N492,XVZ-337540
0-B328,GQO-355136
9-P940,RAP-978658
2-Y284,ESG-271860
4-C974,MYM-172710
9-B743,CWF-279731
9-K289,LTE-324349
8-B193,ARD-591895
8-J223,UIS-370184
0-S378,ORR-691560
0-R482,NRX-257077
7-M330,MUR-086342
4-X648,GUY-222998
0-T933,LFV-994158
4-M114,LXX-344115
3-I035,BCK-371901
0-E150,PXZ-132677
8-D296,EWB-656349
0-Q135,FMY-969923
1-R287,LPK-487649
1-R447,XNK-093959
5-I576,RSK-462697
1-E068,DUY-042863
5-O436,HZC-399208
2-A880,TGN-255796
2-P046,YUY-165956
2-O958,WNJ-937915
4-I281,FBE-470055
0-Q413,ZMD-471614
9-R084,VNJ-212944
4-O020,QBY-635148
0-E616,WVK-248222
2-F832,CBL-561992
2-D107,JFC-112018
2-B523,DWP-445124
7-Y346,DBL-165866
9-L974,HQN-684582
5-X795,UVT-671576
9-A353,XAG-243370
7-Y157,YEN-704762
4-N799,WHQ-054150
9-G043,DDM-200890
1-C908,CMP-815264
7-E962,ZYL-163519
1-C144,NIV-192529
0-D781,HND-490844
5-Q637,IVZ-635376
2-C997,MZB-169157
3-F974,VPT-982612
6-O727,FHI-161541
5-Y032,WIJ-514736
0-D720,BZI-272289
6-M932,YZC-502311
9-U384,MOG-288219
2-I724,JTS-893235
9-N785,JND-489359
1-G180,NKK-017583
0-U318,EUG-814460
4-K400,PBL-861458
5-U761,XAC-088828
7-Y382,VGL-821562
9-K829,AAQ-532987
0-M175,GWH-810341
3-R794,EDU-283888
9-T831,ELB-536037
5-E474,WOY-700871
3-I333,JYD-560075
8-F405,BTO-891170
5-D394,ARP-527937
7-J966,ISL-927280
1-Y326,KCJ-949596
3-C047,OPP-589445
6-X201,ZYH-823077
6-K661,SYM-801413
6-F533,XAO-971661
9-O202,PLD-897173
6-F761,EWC-090976
8-L578,BES-703896
7-J724,XOR-180351
3-E210,OBZ-660420
8-G564,IOM-675006
0-L001,AJS-995833
4-G195,VIL-767753
0-N527,DSJ-538482
6-B321,XTJ-044163
8-P981,RXG-371987
1-D379,FYG-202665
0-C438,CBM-527082
4-B958,FPE-352027
7-G934,ZMO-658101
1-X121,ZEV-694144
1-T444,HXE-186717
9-Y652,BZZ-536670
7-X592,WPP-728940
9-W562,KUU-035212
7-S300,GEP-816861
4-D946,FVJ-256234
1-L902,MHQ-361717
3-N147,QHC-277269
5-W743,SBW-742247
2-T463,RSP-153408
6-R991,CVR-808916
0-Y020,NJP-892087
8-O932,FWT-877768
3-V900,LKJ-486603
2-Y034,ALA-060550
7-L662,ODF-489266
2-R097,AXX-405786
6-M454,GWA-990580
8-Q184,RKW-942173
7-O804,IIV-140461
0-Z789,XJM-724991
1-S770,AEI-286670
4-F850,KGG-539714
8-I261,FQM-699458
8-B234,CWT-882661
6-W003,EKH-354517
5-W430,AHI-038730
2-U103,SJO-994112
8-O637,USB-629908
7-W735,LMW-804007
1-C718,AXN-723227
5-N053,PGP-717338
9-V170,PDG-892309
3-A142,GSW-426641
9-L322,FBY-299670
2-U950,ECU-713396
5-O985,CLF-925066
4-Q123,FGU-209264
0-I986,TSY-737134
6-M197,WBE-714858
8-Y304,IPY-255393
8-H181,VSB-681481
8-E894,ZAM-096469
6-F796,LNR-120800
6-N781,MDO-379983
0-L377,VZY-818443
2-S323,SJL-805209
0-J576,XUH-811563
9-D230,PZO-880331
8-S265,QGT-861141
8-C829,RFN-698331
7-P890,GYJ-676230
7-P491,XND-411700
7-N324,XBZ-836333
1-B513,WST-412576
7-Z455,PDL-391708
3-D670,AZT-405415
1-W786,ZPM-673638
8-I285,NLX-802186
6-H187,SEW-534723
2-R284,PZM-346792
7-B915,EMP-528818
7-A732,TTW-730671
8-U800,QYZ-494443
9-B861,MEY-158817
9-S922,BQI-696702
0-E316,AXM-371200
4-U776,QDR-703564
5-D659,MOV-411351
9-C412,EQG-748988
0-T395,MFX-745996
5-I862,GZN-386442
9-R767,NYU-735772
6-P295,OPC-529009
8-T546,EUI-672545
1-M320,TZF-109802
7-F058,WCE-258569
0-Q353,EPR-126472
4-Q155,AWA-495822
9-B745,LCV-038084
6-E890,ZJS-583223
6-Y950,CHC-163888
2-Y377,VWV-644059
0-L231,UFV-967774
5-F765,LVM-177631
3-Y007,VRF-159494
9-P921,EXL-756450
3-X223,SQH-797280
0-E942,BDZ-195754
0-H848,SVF-920385
2-Q615,ZJG-533431
2-D646,QCM-838257
1-L679,RGF-901975
5-C529,CRL-739910
6-A763,FHT-417270
